Date,Food_Item,Day,Month,Holiday,College_Event,Quantity_Prepared,Quantity_Sold,Leftover,Price,Revenue
2026-04-01,Veg Biryani,Wednesday,4,0,1,129,116,13,80,9280
2026-04-01,Chicken Biryani,Wednesday,4,0,1,87,87,0,120,10440
2026-04-01,Fried Rice,Wednesday,4,0,1,83,81,2,70,5670
2026-04-01,Veg Meals,Wednesday,4,0,1,109,98,11,90,8820
2026-04-01,Samosa,Wednesday,4,0,1,168,155,13,20,3100
2026-04-01,Sandwich,Wednesday,4,0,1,74,65,9,50,3250
2026-04-01,Masala Dosa,Wednesday,4,0,1,82,71,11,60,4260
2026-04-01,Tea,Wednesday,4,0,1,185,172,13,15,2580
2026-04-01,Coffee,Wednesday,4,0,1,145,129,16,20,2580
2026-04-01,Juice,Wednesday,4,0,1,106,93,13,40,3720
2026-04-02,Veg Biryani,Thursday,4,0,0,99,90,9,80,7200
2026-04-02,Chicken Biryani,Thursday,4,0,0,81,72,9,120,8640
2026-04-02,Fried Rice,Thursday,4,0,0,63,62,1,70,4340
2026-04-02,Veg Meals,Thursday,4,0,0,88,74,14,90,6660
2026-04-02,Samosa,Thursday,4,0,0,119,115,4,20,2300
2026-04-02,Sandwich,Thursday,4,0,0,52,49,3,50,2450
2026-04-02,Masala Dosa,Thursday,4,0,0,56,44,12,60,2640
2026-04-02,Tea,Thursday,4,0,0,167,150,17,15,2250
2026-04-02,Coffee,Thursday,4,0,0,103,95,8,20,1900
2026-04-02,Juice,Thursday,4,0,0,75,64,11,40,2560
2026-04-03,Veg Biryani,Friday,4,0,0,104,103,1,80,8240
2026-04-03,Chicken Biryani,Friday,4,0,0,80,80,0,120,9600
2026-04-03,Fried Rice,Friday,4,0,0,66,64,2,70,4480
2026-04-03,Veg Meals,Friday,4,0,0,85,85,0,90,7650
2026-04-03,Samosa,Friday,4,0,0,112,108,4,20,2160
2026-04-03,Sandwich,Friday,4,0,0,67,67,0,50,3350
2026-04-03,Masala Dosa,Friday,4,0,0,60,55,5,60,3300
2026-04-03,Tea,Friday,4,0,0,166,159,7,15,2385
2026-04-03,Coffee,Friday,4,0,0,110,101,9,20,2020
2026-04-03,Juice,Friday,4,0,0,78,69,9,40,2760
2026-04-04,Veg Biryani,Saturday,4,0,1,85,85,0,80,6800
2026-04-04,Chicken Biryani,Saturday,4,0,1,53,48,5,120,5760
2026-04-04,Fried Rice,Saturday,4,0,1,51,51,0,70,3570
2026-04-04,Veg Meals,Saturday,4,0,1,77,74,3,90,6660
2026-04-04,Samosa,Saturday,4,0,1,106,92,14,20,1840
2026-04-04,Sandwich,Saturday,4,0,1,43,38,5,50,1900
2026-04-04,Masala Dosa,Saturday,4,0,1,58,51,7,60,3060
2026-04-04,Tea,Saturday,4,0,1,114,105,9,15,1575
2026-04-04,Coffee,Saturday,4,0,1,75,68,7,20,1360
2026-04-04,Juice,Saturday,4,0,1,66,61,5,40,2440
2026-04-05,Veg Biryani,Sunday,4,0,1,77,58,19,80,4640
2026-04-05,Chicken Biryani,Sunday,4,0,1,54,51,3,120,6120
2026-04-05,Fried Rice,Sunday,4,0,1,58,51,7,70,3570
2026-04-05,Veg Meals,Sunday,4,0,1,65,61,4,90,5490
2026-04-05,Samosa,Sunday,4,0,1,106,104,2,20,2080
2026-04-05,Sandwich,Sunday,4,0,1,44,43,1,50,2150
2026-04-05,Masala Dosa,Sunday,4,0,1,50,48,2,60,2880
2026-04-05,Tea,Sunday,4,0,1,109,107,2,15,1605
2026-04-05,Coffee,Sunday,4,0,1,79,74,5,20,1480
2026-04-05,Juice,Sunday,4,0,1,65,59,6,40,2360
2026-04-06,Veg Biryani,Monday,4,0,0,97,85,12,80,6800
2026-04-06,Chicken Biryani,Monday,4,0,0,81,76,5,120,9120
2026-04-06,Fried Rice,Monday,4,0,0,78,70,8,70,4900
2026-04-06,Veg Meals,Monday,4,0,0,109,94,15,90,8460
2026-04-06,Samosa,Monday,4,0,0,114,103,11,20,2060
2026-04-06,Sandwich,Monday,4,0,0,60,60,0,50,3000
2026-04-06,Masala Dosa,Monday,4,0,0,60,54,6,60,3240
2026-04-06,Tea,Monday,4,0,0,145,137,8,15,2055
2026-04-06,Coffee,Monday,4,0,0,122,108,14,20,2160
2026-04-06,Juice,Monday,4,0,0,83,80,3,40,3200
2026-04-07,Veg Biryani,Tuesday,4,1,0,41,38,3,80,3040
2026-04-07,Chicken Biryani,Tuesday,4,1,0,29,23,6,120,2760
2026-04-07,Fried Rice,Tuesday,4,1,0,33,24,9,70,1680
2026-04-07,Veg Meals,Tuesday,4,1,0,44,44,0,90,3960
2026-04-07,Samosa,Tuesday,4,1,0,53,52,1,20,1040
2026-04-07,Sandwich,Tuesday,4,1,0,29,28,1,50,1400
2026-04-07,Masala Dosa,Tuesday,4,1,0,26,19,7,60,1140
2026-04-07,Tea,Tuesday,4,1,0,78,68,10,15,1020
2026-04-07,Coffee,Tuesday,4,1,0,56,50,6,20,1000
2026-04-07,Juice,Tuesday,4,1,0,38,38,0,40,1520
2026-04-08,Veg Biryani,Wednesday,4,0,0,92,76,16,80,6080
2026-04-08,Chicken Biryani,Wednesday,4,0,0,91,82,9,120,9840
2026-04-08,Fried Rice,Wednesday,4,0,0,79,75,4,70,5250
2026-04-08,Veg Meals,Wednesday,4,0,0,110,96,14,90,8640
2026-04-08,Samosa,Wednesday,4,0,0,112,101,11,20,2020
2026-04-08,Sandwich,Wednesday,4,0,0,55,54,1,50,2700
2026-04-08,Masala Dosa,Wednesday,4,0,0,76,63,13,60,3780
2026-04-08,Tea,Wednesday,4,0,0,166,146,20,15,2190
2026-04-08,Coffee,Wednesday,4,0,0,98,91,7,20,1820
2026-04-08,Juice,Wednesday,4,0,0,89,82,7,40,3280
2026-04-09,Veg Biryani,Thursday,4,0,0,93,89,4,80,7120
2026-04-09,Chicken Biryani,Thursday,4,0,0,89,80,9,120,9600
2026-04-09,Fried Rice,Thursday,4,0,0,72,68,4,70,4760
2026-04-09,Veg Meals,Thursday,4,0,0,102,96,6,90,8640
2026-04-09,Samosa,Thursday,4,0,0,133,119,14,20,2380
2026-04-09,Sandwich,Thursday,4,0,0,59,55,4,50,2750
2026-04-09,Masala Dosa,Thursday,4,0,0,66,63,3,60,3780
2026-04-09,Tea,Thursday,4,0,0,127,112,15,15,1680
2026-04-09,Coffee,Thursday,4,0,0,119,110,9,20,2200
2026-04-09,Juice,Thursday,4,0,0,87,76,11,40,3040
2026-04-10,Veg Biryani,Friday,4,0,1,128,122,6,80,9760
2026-04-10,Chicken Biryani,Friday,4,0,1,103,89,14,120,10680
2026-04-10,Fried Rice,Friday,4,0,1,104,80,24,70,5600
2026-04-10,Veg Meals,Friday,4,0,1,130,121,9,90,10890
2026-04-10,Samosa,Friday,4,0,1,149,143,6,20,2860
2026-04-10,Sandwich,Friday,4,0,1,74,74,0,50,3700
2026-04-10,Masala Dosa,Friday,4,0,1,75,75,0,60,4500
2026-04-10,Tea,Friday,4,0,1,206,193,13,15,2895
2026-04-10,Coffee,Friday,4,0,1,166,158,8,20,3160
2026-04-10,Juice,Friday,4,0,1,102,100,2,40,4000
2026-04-11,Veg Biryani,Saturday,4,0,0,58,54,4,80,4320
2026-04-11,Chicken Biryani,Saturday,4,0,0,44,44,0,120,5280
2026-04-11,Fried Rice,Saturday,4,0,0,43,38,5,70,2660
2026-04-11,Veg Meals,Saturday,4,0,0,55,43,12,90,3870
2026-04-11,Samosa,Saturday,4,0,0,72,72,0,20,1440
2026-04-11,Sandwich,Saturday,4,0,0,38,26,12,50,1300
2026-04-11,Masala Dosa,Saturday,4,0,0,40,39,1,60,2340
2026-04-11,Tea,Saturday,4,0,0,80,69,11,15,1035
2026-04-11,Coffee,Saturday,4,0,0,75,75,0,20,1500
2026-04-11,Juice,Saturday,4,0,0,49,38,11,40,1520
2026-04-12,Veg Biryani,Sunday,4,0,0,67,63,4,80,5040
2026-04-12,Chicken Biryani,Sunday,4,0,0,40,33,7,120,3960
2026-04-12,Fried Rice,Sunday,4,0,0,45,40,5,70,2800
2026-04-12,Veg Meals,Sunday,4,0,0,51,49,2,90,4410
2026-04-12,Samosa,Sunday,4,0,0,78,73,5,20,1460
2026-04-12,Sandwich,Sunday,4,0,0,33,33,0,50,1650
2026-04-12,Masala Dosa,Sunday,4,0,0,44,39,5,60,2340
2026-04-12,Tea,Sunday,4,0,0,91,81,10,15,1215
2026-04-12,Coffee,Sunday,4,0,0,65,56,9,20,1120
2026-04-12,Juice,Sunday,4,0,0,54,54,0,40,2160
2026-04-13,Veg Biryani,Monday,4,0,0,90,86,4,80,6880
2026-04-13,Chicken Biryani,Monday,4,0,0,75,66,9,120,7920
2026-04-13,Fried Rice,Monday,4,0,0,66,64,2,70,4480
2026-04-13,Veg Meals,Monday,4,0,0,107,96,11,90,8640
2026-04-13,Samosa,Monday,4,0,0,125,109,16,20,2180
2026-04-13,Sandwich,Monday,4,0,0,65,52,13,50,2600
2026-04-13,Masala Dosa,Monday,4,0,0,74,65,9,60,3900
2026-04-13,Tea,Monday,4,0,0,134,117,17,15,1755
2026-04-13,Coffee,Monday,4,0,0,112,94,18,20,1880
2026-04-13,Juice,Monday,4,0,0,75,65,10,40,2600
2026-04-14,Veg Biryani,Tuesday,4,0,1,128,122,6,80,9760
2026-04-14,Chicken Biryani,Tuesday,4,0,1,90,77,13,120,9240
2026-04-14,Fried Rice,Tuesday,4,0,1,95,82,13,70,5740
2026-04-14,Veg Meals,Tuesday,4,0,1,138,114,24,90,10260
2026-04-14,Samosa,Tuesday,4,0,1,184,160,24,20,3200
2026-04-14,Sandwich,Tuesday,4,0,1,86,76,10,50,3800
2026-04-14,Masala Dosa,Tuesday,4,0,1,87,76,11,60,4560
2026-04-14,Tea,Tuesday,4,0,1,170,150,20,15,2250
2026-04-14,Coffee,Tuesday,4,0,1,120,114,6,20,2280
2026-04-14,Juice,Tuesday,4,0,1,116,101,15,40,4040
2026-04-15,Veg Biryani,Wednesday,4,0,0,111,106,5,80,8480
2026-04-15,Chicken Biryani,Wednesday,4,0,0,74,62,12,120,7440
2026-04-15,Fried Rice,Wednesday,4,0,0,64,57,7,70,3990
2026-04-15,Veg Meals,Wednesday,4,0,0,82,74,8,90,6660
2026-04-15,Samosa,Wednesday,4,0,0,138,133,5,20,2660
2026-04-15,Sandwich,Wednesday,4,0,0,60,59,1,50,2950
2026-04-15,Masala Dosa,Wednesday,4,0,0,70,70,0,60,4200
2026-04-15,Tea,Wednesday,4,0,0,140,127,13,15,1905
2026-04-15,Coffee,Wednesday,4,0,0,107,95,12,20,1900
2026-04-15,Juice,Wednesday,4,0,0,98,86,12,40,3440
2026-04-16,Veg Biryani,Thursday,4,0,0,105,100,5,80,8000
2026-04-16,Chicken Biryani,Thursday,4,0,0,79,71,8,120,8520
2026-04-16,Fried Rice,Thursday,4,0,0,83,66,17,70,4620
2026-04-16,Veg Meals,Thursday,4,0,0,109,105,4,90,9450
2026-04-16,Samosa,Thursday,4,0,0,100,100,0,20,2000
2026-04-16,Sandwich,Thursday,4,0,0,67,61,6,50,3050
2026-04-16,Masala Dosa,Thursday,4,0,0,67,61,6,60,3660
2026-04-16,Tea,Thursday,4,0,0,147,143,4,15,2145
2026-04-16,Coffee,Thursday,4,0,0,99,87,12,20,1740
2026-04-16,Juice,Thursday,4,0,0,93,81,12,40,3240
2026-04-17,Veg Biryani,Friday,4,0,0,107,94,13,80,7520
2026-04-17,Chicken Biryani,Friday,4,0,0,88,79,9,120,9480
2026-04-17,Fried Rice,Friday,4,0,0,67,52,15,70,3640
2026-04-17,Veg Meals,Friday,4,0,0,84,82,2,90,7380
2026-04-17,Samosa,Friday,4,0,0,125,117,8,20,2340
2026-04-17,Sandwich,Friday,4,0,0,62,56,6,50,2800
2026-04-17,Masala Dosa,Friday,4,0,0,73,70,3,60,4200
2026-04-17,Tea,Friday,4,0,0,159,155,4,15,2325
2026-04-17,Coffee,Friday,4,0,0,94,94,0,20,1880
2026-04-17,Juice,Friday,4,0,0,79,64,15,40,2560
2026-04-18,Veg Biryani,Saturday,4,0,0,66,66,0,80,5280
2026-04-18,Chicken Biryani,Saturday,4,0,0,45,41,4,120,4920
2026-04-18,Fried Rice,Saturday,4,0,0,50,35,15,70,2450
2026-04-18,Veg Meals,Saturday,4,0,0,58,50,8,90,4500
2026-04-18,Samosa,Saturday,4,0,0,71,59,12,20,1180
2026-04-18,Sandwich,Saturday,4,0,0,31,31,0,50,1550
2026-04-18,Masala Dosa,Saturday,4,0,0,34,34,0,60,2040
2026-04-18,Tea,Saturday,4,0,0,82,71,11,15,1065
2026-04-18,Coffee,Saturday,4,0,0,74,62,12,20,1240
2026-04-18,Juice,Saturday,4,0,0,43,43,0,40,1720
2026-04-19,Veg Biryani,Sunday,4,0,0,52,48,4,80,3840
2026-04-19,Chicken Biryani,Sunday,4,0,0,42,33,9,120,3960
2026-04-19,Fried Rice,Sunday,4,0,0,44,36,8,70,2520
2026-04-19,Veg Meals,Sunday,4,0,0,65,58,7,90,5220
2026-04-19,Samosa,Sunday,4,0,0,62,60,2,20,1200
2026-04-19,Sandwich,Sunday,4,0,0,32,32,0,50,1600
2026-04-19,Masala Dosa,Sunday,4,0,0,38,27,11,60,1620
2026-04-19,Tea,Sunday,4,0,0,93,90,3,15,1350
2026-04-19,Coffee,Sunday,4,0,0,56,55,1,20,1100
2026-04-19,Juice,Sunday,4,0,0,50,47,3,40,1880
2026-04-20,Veg Biryani,Monday,4,0,0,87,71,16,80,5680
2026-04-20,Chicken Biryani,Monday,4,0,0,71,66,5,120,7920
2026-04-20,Fried Rice,Monday,4,0,0,60,52,8,70,3640
2026-04-20,Veg Meals,Monday,4,0,0,86,70,16,90,6300
2026-04-20,Samosa,Monday,4,0,0,126,113,13,20,2260
2026-04-20,Sandwich,Monday,4,0,0,53,53,0,50,2650
2026-04-20,Masala Dosa,Monday,4,0,0,69,56,13,60,3360
2026-04-20,Tea,Monday,4,0,0,142,130,12,15,1950
2026-04-20,Coffee,Monday,4,0,0,116,97,19,20,1940
2026-04-20,Juice,Monday,4,0,0,70,69,1,40,2760
2026-04-21,Veg Biryani,Tuesday,4,0,1,115,105,10,80,8400
2026-04-21,Chicken Biryani,Tuesday,4,0,1,94,78,16,120,9360
2026-04-21,Fried Rice,Tuesday,4,0,1,81,75,6,70,5250
2026-04-21,Veg Meals,Tuesday,4,0,1,106,97,9,90,8730
2026-04-21,Samosa,Tuesday,4,0,1,185,160,25,20,3200
2026-04-21,Sandwich,Tuesday,4,0,1,72,68,4,50,3400
2026-04-21,Masala Dosa,Tuesday,4,0,1,97,80,17,60,4800
2026-04-21,Tea,Tuesday,4,0,1,210,199,11,15,2985
2026-04-21,Coffee,Tuesday,4,0,1,135,115,20,20,2300
2026-04-21,Juice,Tuesday,4,0,1,96,86,10,40,3440
2026-04-22,Veg Biryani,Wednesday,4,0,0,93,84,9,80,6720
2026-04-22,Chicken Biryani,Wednesday,4,0,0,75,65,10,120,7800
2026-04-22,Fried Rice,Wednesday,4,0,0,66,66,0,70,4620
2026-04-22,Veg Meals,Wednesday,4,0,0,88,76,12,90,6840
2026-04-22,Samosa,Wednesday,4,0,0,132,106,26,20,2120
2026-04-22,Sandwich,Wednesday,4,0,0,60,49,11,50,2450
2026-04-22,Masala Dosa,Wednesday,4,0,0,76,68,8,60,4080
2026-04-22,Tea,Wednesday,4,0,0,169,155,14,15,2325
2026-04-22,Coffee,Wednesday,4,0,0,98,93,5,20,1860
2026-04-22,Juice,Wednesday,4,0,0,76,68,8,40,2720
2026-04-23,Veg Biryani,Thursday,4,1,0,39,39,0,80,3120
2026-04-23,Chicken Biryani,Thursday,4,1,0,36,31,5,120,3720
2026-04-23,Fried Rice,Thursday,4,1,0,32,32,0,70,2240
2026-04-23,Veg Meals,Thursday,4,1,0,41,36,5,90,3240
2026-04-23,Samosa,Thursday,4,1,0,53,49,4,20,980
2026-04-23,Sandwich,Thursday,4,1,0,26,26,0,50,1300
2026-04-23,Masala Dosa,Thursday,4,1,0,29,27,2,60,1620
2026-04-23,Tea,Thursday,4,1,0,64,60,4,15,900
2026-04-23,Coffee,Thursday,4,1,0,51,48,3,20,960
2026-04-23,Juice,Thursday,4,1,0,39,33,6,40,1320
2026-04-24,Veg Biryani,Friday,4,0,0,114,98,16,80,7840
2026-04-24,Chicken Biryani,Friday,4,0,0,73,60,13,120,7200
2026-04-24,Fried Rice,Friday,4,0,0,62,58,4,70,4060
2026-04-24,Veg Meals,Friday,4,0,0,92,83,9,90,7470
2026-04-24,Samosa,Friday,4,0,0,110,96,14,20,1920
2026-04-24,Sandwich,Friday,4,0,0,64,55,9,50,2750
2026-04-24,Masala Dosa,Friday,4,0,0,62,59,3,60,3540
2026-04-24,Tea,Friday,4,0,0,164,155,9,15,2325
2026-04-24,Coffee,Friday,4,0,0,100,84,16,20,1680
2026-04-24,Juice,Friday,4,0,0,85,82,3,40,3280
2026-04-25,Veg Biryani,Saturday,4,0,0,54,54,0,80,4320
2026-04-25,Chicken Biryani,Saturday,4,0,0,41,37,4,120,4440
2026-04-25,Fried Rice,Saturday,4,0,0,49,46,3,70,3220
2026-04-25,Veg Meals,Saturday,4,0,0,58,55,3,90,4950
2026-04-25,Samosa,Saturday,4,0,0,75,75,0,20,1500
2026-04-25,Sandwich,Saturday,4,0,0,43,35,8,50,1750
2026-04-25,Masala Dosa,Saturday,4,0,0,38,36,2,60,2160
2026-04-25,Tea,Saturday,4,0,0,94,92,2,15,1380
2026-04-25,Coffee,Saturday,4,0,0,56,47,9,20,940
2026-04-25,Juice,Saturday,4,0,0,52,37,15,40,1480
2026-04-26,Veg Biryani,Sunday,4,0,0,56,50,6,80,4000
2026-04-26,Chicken Biryani,Sunday,4,0,0,42,42,0,120,5040
2026-04-26,Fried Rice,Sunday,4,0,0,37,21,16,70,1470
2026-04-26,Veg Meals,Sunday,4,0,0,62,57,5,90,5130
2026-04-26,Samosa,Sunday,4,0,0,75,66,9,20,1320
2026-04-26,Sandwich,Sunday,4,0,0,33,23,10,50,1150
2026-04-26,Masala Dosa,Sunday,4,0,0,40,36,4,60,2160
2026-04-26,Tea,Sunday,4,0,0,87,77,10,15,1155
2026-04-26,Coffee,Sunday,4,0,0,58,55,3,20,1100
2026-04-26,Juice,Sunday,4,0,0,48,43,5,40,1720
2026-04-27,Veg Biryani,Monday,4,0,0,107,84,23,80,6720
2026-04-27,Chicken Biryani,Monday,4,0,0,75,73,2,120,8760
2026-04-27,Fried Rice,Monday,4,0,0,62,51,11,70,3570
2026-04-27,Veg Meals,Monday,4,0,0,97,85,12,90,7650
2026-04-27,Samosa,Monday,4,0,0,101,99,2,20,1980
2026-04-27,Sandwich,Monday,4,0,0,51,51,0,50,2550
2026-04-27,Masala Dosa,Monday,4,0,0,62,53,9,60,3180
2026-04-27,Tea,Monday,4,0,0,157,149,8,15,2235
2026-04-27,Coffee,Monday,4,0,0,95,92,3,20,1840
2026-04-27,Juice,Monday,4,0,0,90,85,5,40,3400
2026-04-28,Veg Biryani,Tuesday,4,0,0,101,98,3,80,7840
2026-04-28,Chicken Biryani,Tuesday,4,0,0,63,58,5,120,6960
2026-04-28,Fried Rice,Tuesday,4,0,0,62,61,1,70,4270
2026-04-28,Veg Meals,Tuesday,4,0,0,95,77,18,90,6930
2026-04-28,Samosa,Tuesday,4,0,0,131,117,14,20,2340
2026-04-28,Sandwich,Tuesday,4,0,0,61,49,12,50,2450
2026-04-28,Masala Dosa,Tuesday,4,0,0,68,52,16,60,3120
2026-04-28,Tea,Tuesday,4,0,0,150,140,10,15,2100
2026-04-28,Coffee,Tuesday,4,0,0,115,108,7,20,2160
2026-04-28,Juice,Tuesday,4,0,0,95,89,6,40,3560
2026-04-29,Veg Biryani,Wednesday,4,0,0,93,90,3,80,7200
2026-04-29,Chicken Biryani,Wednesday,4,0,0,78,64,14,120,7680
2026-04-29,Fried Rice,Wednesday,4,0,0,66,58,8,70,4060
2026-04-29,Veg Meals,Wednesday,4,0,0,83,78,5,90,7020
2026-04-29,Samosa,Wednesday,4,0,0,107,95,12,20,1900
2026-04-29,Sandwich,Wednesday,4,0,0,57,46,11,50,2300
2026-04-29,Masala Dosa,Wednesday,4,0,0,71,64,7,60,3840
2026-04-29,Tea,Wednesday,4,0,0,161,149,12,15,2235
2026-04-29,Coffee,Wednesday,4,0,0,103,81,22,20,1620
2026-04-29,Juice,Wednesday,4,0,0,80,69,11,40,2760
2026-04-30,Veg Biryani,Thursday,4,0,0,91,82,9,80,6560
2026-04-30,Chicken Biryani,Thursday,4,0,0,70,61,9,120,7320
2026-04-30,Fried Rice,Thursday,4,0,0,66,56,10,70,3920
2026-04-30,Veg Meals,Thursday,4,0,0,95,92,3,90,8280
2026-04-30,Samosa,Thursday,4,0,0,132,111,21,20,2220
2026-04-30,Sandwich,Thursday,4,0,0,51,51,0,50,2550
2026-04-30,Masala Dosa,Thursday,4,0,0,65,65,0,60,3900
2026-04-30,Tea,Thursday,4,0,0,150,133,17,15,1995
2026-04-30,Coffee,Thursday,4,0,0,93,88,5,20,1760
2026-04-30,Juice,Thursday,4,0,0,87,87,0,40,3480
2026-05-01,Veg Biryani,Friday,5,0,0,94,86,8,80,6880
2026-05-01,Chicken Biryani,Friday,5,0,0,72,70,2,120,8400
2026-05-01,Fried Rice,Friday,5,0,0,66,62,4,70,4340
2026-05-01,Veg Meals,Friday,5,0,0,85,80,5,90,7200
2026-05-01,Samosa,Friday,5,0,0,137,125,12,20,2500
2026-05-01,Sandwich,Friday,5,0,0,66,64,2,50,3200
2026-05-01,Masala Dosa,Friday,5,0,0,61,58,3,60,3480
2026-05-01,Tea,Friday,5,0,0,140,128,12,15,1920
2026-05-01,Coffee,Friday,5,0,0,118,107,11,20,2140
2026-05-01,Juice,Friday,5,0,0,97,90,7,40,3600
2026-05-02,Veg Biryani,Saturday,5,0,0,67,61,6,80,4880
2026-05-02,Chicken Biryani,Saturday,5,0,0,45,40,5,120,4800
2026-05-02,Fried Rice,Saturday,5,0,0,37,31,6,70,2170
2026-05-02,Veg Meals,Saturday,5,0,0,50,43,7,90,3870
2026-05-02,Samosa,Saturday,5,0,0,71,62,9,20,1240
2026-05-02,Sandwich,Saturday,5,0,0,38,31,7,50,1550
2026-05-02,Masala Dosa,Saturday,5,0,0,38,35,3,60,2100
2026-05-02,Tea,Saturday,5,0,0,81,81,0,15,1215
2026-05-02,Coffee,Saturday,5,0,0,70,67,3,20,1340
2026-05-02,Juice,Saturday,5,0,0,58,56,2,40,2240
2026-05-03,Veg Biryani,Sunday,5,0,0,67,59,8,80,4720
2026-05-03,Chicken Biryani,Sunday,5,0,0,46,46,0,120,5520
2026-05-03,Fried Rice,Sunday,5,0,0,50,41,9,70,2870
2026-05-03,Veg Meals,Sunday,5,0,0,56,56,0,90,5040
2026-05-03,Samosa,Sunday,5,0,0,65,54,11,20,1080
2026-05-03,Sandwich,Sunday,5,0,0,33,26,7,50,1300
2026-05-03,Masala Dosa,Sunday,5,0,0,33,31,2,60,1860
2026-05-03,Tea,Sunday,5,0,0,91,82,9,15,1230
2026-05-03,Coffee,Sunday,5,0,0,63,60,3,20,1200
2026-05-03,Juice,Sunday,5,0,0,56,50,6,40,2000
2026-05-04,Veg Biryani,Monday,5,0,1,129,122,7,80,9760
2026-05-04,Chicken Biryani,Monday,5,0,1,103,96,7,120,11520
2026-05-04,Fried Rice,Monday,5,0,1,83,75,8,70,5250
2026-05-04,Veg Meals,Monday,5,0,1,130,117,13,90,10530
2026-05-04,Samosa,Monday,5,0,1,142,131,11,20,2620
2026-05-04,Sandwich,Monday,5,0,1,81,73,8,50,3650
2026-05-04,Masala Dosa,Monday,5,0,1,92,86,6,60,5160
2026-05-04,Tea,Monday,5,0,1,207,179,28,15,2685
2026-05-04,Coffee,Monday,5,0,1,130,111,19,20,2220
2026-05-04,Juice,Monday,5,0,1,125,107,18,40,4280
2026-05-05,Veg Biryani,Tuesday,5,0,0,113,103,10,80,8240
2026-05-05,Chicken Biryani,Tuesday,5,0,0,67,67,0,120,8040
2026-05-05,Fried Rice,Tuesday,5,0,0,67,62,5,70,4340
2026-05-05,Veg Meals,Tuesday,5,0,0,80,80,0,90,7200
2026-05-05,Samosa,Tuesday,5,0,0,123,116,7,20,2320
2026-05-05,Sandwich,Tuesday,5,0,0,61,61,0,50,3050
2026-05-05,Masala Dosa,Tuesday,5,0,0,71,69,2,60,4140
2026-05-05,Tea,Tuesday,5,0,0,148,139,9,15,2085
2026-05-05,Coffee,Tuesday,5,0,0,122,113,9,20,2260
2026-05-05,Juice,Tuesday,5,0,0,89,82,7,40,3280
2026-05-06,Veg Biryani,Wednesday,5,0,0,105,92,13,80,7360
2026-05-06,Chicken Biryani,Wednesday,5,0,0,75,67,8,120,8040
2026-05-06,Fried Rice,Wednesday,5,0,0,66,59,7,70,4130
2026-05-06,Veg Meals,Wednesday,5,0,0,78,78,0,90,7020
2026-05-06,Samosa,Wednesday,5,0,0,131,107,24,20,2140
2026-05-06,Sandwich,Wednesday,5,0,0,63,61,2,50,3050
2026-05-06,Masala Dosa,Wednesday,5,0,0,69,66,3,60,3960
2026-05-06,Tea,Wednesday,5,0,0,173,167,6,15,2505
2026-05-06,Coffee,Wednesday,5,0,0,119,102,17,20,2040
2026-05-06,Juice,Wednesday,5,0,0,79,71,8,40,2840
2026-05-07,Veg Biryani,Thursday,5,0,0,87,84,3,80,6720
2026-05-07,Chicken Biryani,Thursday,5,0,0,69,53,16,120,6360
2026-05-07,Fried Rice,Thursday,5,0,0,85,71,14,70,4970
2026-05-07,Veg Meals,Thursday,5,0,0,96,93,3,90,8370
2026-05-07,Samosa,Thursday,5,0,0,102,102,0,20,2040
2026-05-07,Sandwich,Thursday,5,0,0,64,58,6,50,2900
2026-05-07,Masala Dosa,Thursday,5,0,0,64,49,15,60,2940
2026-05-07,Tea,Thursday,5,0,0,142,115,27,15,1725
2026-05-07,Coffee,Thursday,5,0,0,113,107,6,20,2140
2026-05-07,Juice,Thursday,5,0,0,85,76,9,40,3040
2026-05-08,Veg Biryani,Friday,5,0,0,109,105,4,80,8400
2026-05-08,Chicken Biryani,Friday,5,0,0,76,68,8,120,8160
2026-05-08,Fried Rice,Friday,5,0,0,68,63,5,70,4410
2026-05-08,Veg Meals,Friday,5,0,0,102,96,6,90,8640
2026-05-08,Samosa,Friday,5,0,0,106,94,12,20,1880
2026-05-08,Sandwich,Friday,5,0,0,67,67,0,50,3350
2026-05-08,Masala Dosa,Friday,5,0,0,73,70,3,60,4200
2026-05-08,Tea,Friday,5,0,0,172,154,18,15,2310
2026-05-08,Coffee,Friday,5,0,0,120,109,11,20,2180
2026-05-08,Juice,Friday,5,0,0,90,85,5,40,3400
2026-05-09,Veg Biryani,Saturday,5,0,0,51,44,7,80,3520
2026-05-09,Chicken Biryani,Saturday,5,0,0,42,42,0,120,5040
2026-05-09,Fried Rice,Saturday,5,0,0,38,38,0,70,2660
2026-05-09,Veg Meals,Saturday,5,0,0,53,45,8,90,4050
2026-05-09,Samosa,Saturday,5,0,0,60,54,6,20,1080
2026-05-09,Sandwich,Saturday,5,0,0,37,22,15,50,1100
2026-05-09,Masala Dosa,Saturday,5,0,0,43,33,10,60,1980
2026-05-09,Tea,Saturday,5,0,0,89,77,12,15,1155
2026-05-09,Coffee,Saturday,5,0,0,59,59,0,20,1180
2026-05-09,Juice,Saturday,5,0,0,48,48,0,40,1920
2026-05-10,Veg Biryani,Sunday,5,0,0,56,50,6,80,4000
2026-05-10,Chicken Biryani,Sunday,5,0,0,38,33,5,120,3960
2026-05-10,Fried Rice,Sunday,5,0,0,40,40,0,70,2800
2026-05-10,Veg Meals,Sunday,5,0,0,59,59,0,90,5310
2026-05-10,Samosa,Sunday,5,0,0,63,63,0,20,1260
2026-05-10,Sandwich,Sunday,5,0,0,32,32,0,50,1600
2026-05-10,Masala Dosa,Sunday,5,0,0,34,34,0,60,2040
2026-05-10,Tea,Sunday,5,0,0,101,91,10,15,1365
2026-05-10,Coffee,Sunday,5,0,0,65,64,1,20,1280
2026-05-10,Juice,Sunday,5,0,0,49,45,4,40,1800
2026-05-11,Veg Biryani,Monday,5,0,0,102,87,15,80,6960
2026-05-11,Chicken Biryani,Monday,5,0,0,83,75,8,120,9000
2026-05-11,Fried Rice,Monday,5,0,0,80,77,3,70,5390
2026-05-11,Veg Meals,Monday,5,0,0,98,86,12,90,7740
2026-05-11,Samosa,Monday,5,0,0,125,112,13,20,2240
2026-05-11,Sandwich,Monday,5,0,0,56,51,5,50,2550
2026-05-11,Masala Dosa,Monday,5,0,0,55,51,4,60,3060
2026-05-11,Tea,Monday,5,0,0,175,147,28,15,2205
2026-05-11,Coffee,Monday,5,0,0,117,101,16,20,2020
2026-05-11,Juice,Monday,5,0,0,91,79,12,40,3160
2026-05-12,Veg Biryani,Tuesday,5,0,0,111,108,3,80,8640
2026-05-12,Chicken Biryani,Tuesday,5,0,0,79,67,12,120,8040
2026-05-12,Fried Rice,Tuesday,5,0,0,80,76,4,70,5320
2026-05-12,Veg Meals,Tuesday,5,0,0,102,88,14,90,7920
2026-05-12,Samosa,Tuesday,5,0,0,127,111,16,20,2220
2026-05-12,Sandwich,Tuesday,5,0,0,67,61,6,50,3050
2026-05-12,Masala Dosa,Tuesday,5,0,0,58,54,4,60,3240
2026-05-12,Tea,Tuesday,5,0,0,147,135,12,15,2025
2026-05-12,Coffee,Tuesday,5,0,0,108,104,4,20,2080
2026-05-12,Juice,Tuesday,5,0,0,73,59,14,40,2360
2026-05-13,Veg Biryani,Wednesday,5,0,0,110,96,14,80,7680
2026-05-13,Chicken Biryani,Wednesday,5,0,0,81,81,0,120,9720
2026-05-13,Fried Rice,Wednesday,5,0,0,81,75,6,70,5250
2026-05-13,Veg Meals,Wednesday,5,0,0,92,74,18,90,6660
2026-05-13,Samosa,Wednesday,5,0,0,116,115,1,20,2300
2026-05-13,Sandwich,Wednesday,5,0,0,53,53,0,50,2650
2026-05-13,Masala Dosa,Wednesday,5,0,0,58,50,8,60,3000
2026-05-13,Tea,Wednesday,5,0,0,175,165,10,15,2475
2026-05-13,Coffee,Wednesday,5,0,0,117,101,16,20,2020
2026-05-13,Juice,Wednesday,5,0,0,74,69,5,40,2760
2026-05-14,Veg Biryani,Thursday,5,0,0,104,95,9,80,7600
2026-05-14,Chicken Biryani,Thursday,5,0,0,73,66,7,120,7920
2026-05-14,Fried Rice,Thursday,5,0,0,60,60,0,70,4200
2026-05-14,Veg Meals,Thursday,5,0,0,92,86,6,90,7740
2026-05-14,Samosa,Thursday,5,0,0,122,115,7,20,2300
2026-05-14,Sandwich,Thursday,5,0,0,56,45,11,50,2250
2026-05-14,Masala Dosa,Thursday,5,0,0,73,65,8,60,3900
2026-05-14,Tea,Thursday,5,0,0,166,165,1,15,2475
2026-05-14,Coffee,Thursday,5,0,0,120,107,13,20,2140
2026-05-14,Juice,Thursday,5,0,0,83,77,6,40,3080
2026-05-15,Veg Biryani,Friday,5,0,1,144,135,9,80,10800
2026-05-15,Chicken Biryani,Friday,5,0,1,93,89,4,120,10680
2026-05-15,Fried Rice,Friday,5,0,1,91,83,8,70,5810
2026-05-15,Veg Meals,Friday,5,0,1,134,123,11,90,11070
2026-05-15,Samosa,Friday,5,0,1,178,165,13,20,3300
2026-05-15,Sandwich,Friday,5,0,1,82,75,7,50,3750
2026-05-15,Masala Dosa,Friday,5,0,1,95,93,2,60,5580
2026-05-15,Tea,Friday,5,0,1,224,193,31,15,2895
2026-05-15,Coffee,Friday,5,0,1,155,141,14,20,2820
2026-05-15,Juice,Friday,5,0,1,104,99,5,40,3960
2026-05-16,Veg Biryani,Saturday,5,0,0,56,56,0,80,4480
2026-05-16,Chicken Biryani,Saturday,5,0,0,44,36,8,120,4320
2026-05-16,Fried Rice,Saturday,5,0,0,39,39,0,70,2730
2026-05-16,Veg Meals,Saturday,5,0,0,58,58,0,90,5220
2026-05-16,Samosa,Saturday,5,0,0,72,51,21,20,1020
2026-05-16,Sandwich,Saturday,5,0,0,31,31,0,50,1550
2026-05-16,Masala Dosa,Saturday,5,0,0,38,38,0,60,2280
2026-05-16,Tea,Saturday,5,0,0,98,98,0,15,1470
2026-05-16,Coffee,Saturday,5,0,0,74,69,5,20,1380
2026-05-16,Juice,Saturday,5,0,0,47,43,4,40,1720
2026-05-17,Veg Biryani,Sunday,5,0,0,54,43,11,80,3440
2026-05-17,Chicken Biryani,Sunday,5,0,0,45,40,5,120,4800
2026-05-17,Fried Rice,Sunday,5,0,0,39,37,2,70,2590
2026-05-17,Veg Meals,Sunday,5,0,0,53,53,0,90,4770
2026-05-17,Samosa,Sunday,5,0,0,76,65,11,20,1300
2026-05-17,Sandwich,Sunday,5,0,0,33,29,4,50,1450
2026-05-17,Masala Dosa,Sunday,5,0,0,36,30,6,60,1800
2026-05-17,Tea,Sunday,5,0,0,92,87,5,15,1305
2026-05-17,Coffee,Sunday,5,0,0,75,69,6,20,1380
2026-05-17,Juice,Sunday,5,0,0,43,43,0,40,1720
2026-05-18,Veg Biryani,Monday,5,1,0,51,46,5,80,3680
2026-05-18,Chicken Biryani,Monday,5,1,0,31,29,2,120,3480
2026-05-18,Fried Rice,Monday,5,1,0,33,24,9,70,1680
2026-05-18,Veg Meals,Monday,5,1,0,45,38,7,90,3420
2026-05-18,Samosa,Monday,5,1,0,59,51,8,20,1020
2026-05-18,Sandwich,Monday,5,1,0,28,27,1,50,1350
2026-05-18,Masala Dosa,Monday,5,1,0,30,30,0,60,1800
2026-05-18,Tea,Monday,5,1,0,61,60,1,15,900
2026-05-18,Coffee,Monday,5,1,0,43,43,0,20,860
2026-05-18,Juice,Monday,5,1,0,34,34,0,40,1360
2026-05-19,Veg Biryani,Tuesday,5,0,0,102,89,13,80,7120
2026-05-19,Chicken Biryani,Tuesday,5,0,0,77,77,0,120,9240
2026-05-19,Fried Rice,Tuesday,5,0,0,79,72,7,70,5040
2026-05-19,Veg Meals,Tuesday,5,0,0,84,84,0,90,7560
2026-05-19,Samosa,Tuesday,5,0,0,110,93,17,20,1860
2026-05-19,Sandwich,Tuesday,5,0,0,55,45,10,50,2250
2026-05-19,Masala Dosa,Tuesday,5,0,0,58,53,5,60,3180
2026-05-19,Tea,Tuesday,5,0,0,174,148,26,15,2220
2026-05-19,Coffee,Tuesday,5,0,0,109,107,2,20,2140
2026-05-19,Juice,Tuesday,5,0,0,96,80,16,40,3200
2026-05-20,Veg Biryani,Wednesday,5,0,0,103,88,15,80,7040
2026-05-20,Chicken Biryani,Wednesday,5,0,0,82,71,11,120,8520
2026-05-20,Fried Rice,Wednesday,5,0,0,66,60,6,70,4200
2026-05-20,Veg Meals,Wednesday,5,0,0,82,68,14,90,6120
2026-05-20,Samosa,Wednesday,5,0,0,128,124,4,20,2480
2026-05-20,Sandwich,Wednesday,5,0,0,67,65,2,50,3250
2026-05-20,Masala Dosa,Wednesday,5,0,0,62,62,0,60,3720
2026-05-20,Tea,Wednesday,5,0,0,157,142,15,15,2130
2026-05-20,Coffee,Wednesday,5,0,0,99,88,11,20,1760
2026-05-20,Juice,Wednesday,5,0,0,91,81,10,40,3240
2026-05-21,Veg Biryani,Thursday,5,1,0,38,31,7,80,2480
2026-05-21,Chicken Biryani,Thursday,5,1,0,32,21,11,120,2520
2026-05-21,Fried Rice,Thursday,5,1,0,32,24,8,70,1680
2026-05-21,Veg Meals,Thursday,5,1,0,43,29,14,90,2610
2026-05-21,Samosa,Thursday,5,1,0,61,56,5,20,1120
2026-05-21,Sandwich,Thursday,5,1,0,27,23,4,50,1150
2026-05-21,Masala Dosa,Thursday,5,1,0,34,27,7,60,1620
2026-05-21,Tea,Thursday,5,1,0,60,60,0,15,900
2026-05-21,Coffee,Thursday,5,1,0,45,41,4,20,820
2026-05-21,Juice,Thursday,5,1,0,40,35,5,40,1400
2026-05-22,Veg Biryani,Friday,5,0,0,91,80,11,80,6400
2026-05-22,Chicken Biryani,Friday,5,0,0,81,76,5,120,9120
2026-05-22,Fried Rice,Friday,5,0,0,65,53,12,70,3710
2026-05-22,Veg Meals,Friday,5,0,0,86,80,6,90,7200
2026-05-22,Samosa,Friday,5,0,0,100,95,5,20,1900
2026-05-22,Sandwich,Friday,5,0,0,69,65,4,50,3250
2026-05-22,Masala Dosa,Friday,5,0,0,62,52,10,60,3120
2026-05-22,Tea,Friday,5,0,0,156,145,11,15,2175
2026-05-22,Coffee,Friday,5,0,0,116,103,13,20,2060
2026-05-22,Juice,Friday,5,0,0,75,73,2,40,2920
2026-05-23,Veg Biryani,Saturday,5,0,0,52,44,8,80,3520
2026-05-23,Chicken Biryani,Saturday,5,0,0,47,43,4,120,5160
2026-05-23,Fried Rice,Saturday,5,0,0,45,41,4,70,2870
2026-05-23,Veg Meals,Saturday,5,0,0,53,53,0,90,4770
2026-05-23,Samosa,Saturday,5,0,0,73,60,13,20,1200
2026-05-23,Sandwich,Saturday,5,0,0,35,31,4,50,1550
2026-05-23,Masala Dosa,Saturday,5,0,0,44,37,7,60,2220
2026-05-23,Tea,Saturday,5,0,0,77,59,18,15,885
2026-05-23,Coffee,Saturday,5,0,0,69,57,12,20,1140
2026-05-23,Juice,Saturday,5,0,0,41,39,2,40,1560
2026-05-24,Veg Biryani,Sunday,5,0,0,70,62,8,80,4960
2026-05-24,Chicken Biryani,Sunday,5,0,0,41,40,1,120,4800
2026-05-24,Fried Rice,Sunday,5,0,0,44,38,6,70,2660
2026-05-24,Veg Meals,Sunday,5,0,0,49,41,8,90,3690
2026-05-24,Samosa,Sunday,5,0,0,78,64,14,20,1280
2026-05-24,Sandwich,Sunday,5,0,0,37,25,12,50,1250
2026-05-24,Masala Dosa,Sunday,5,0,0,46,37,9,60,2220
2026-05-24,Tea,Sunday,5,0,0,97,94,3,15,1410
2026-05-24,Coffee,Sunday,5,0,0,63,63,0,20,1260
2026-05-24,Juice,Sunday,5,0,0,54,44,10,40,1760
2026-05-25,Veg Biryani,Monday,5,0,0,104,94,10,80,7520
2026-05-25,Chicken Biryani,Monday,5,0,0,70,59,11,120,7080
2026-05-25,Fried Rice,Monday,5,0,0,73,63,10,70,4410
2026-05-25,Veg Meals,Monday,5,0,0,78,75,3,90,6750
2026-05-25,Samosa,Monday,5,0,0,141,118,23,20,2360
2026-05-25,Sandwich,Monday,5,0,0,59,48,11,50,2400
2026-05-25,Masala Dosa,Monday,5,0,0,67,67,0,60,4020
2026-05-25,Tea,Monday,5,0,0,137,134,3,15,2010
2026-05-25,Coffee,Monday,5,0,0,100,92,8,20,1840
2026-05-25,Juice,Monday,5,0,0,85,74,11,40,2960
2026-05-26,Veg Biryani,Tuesday,5,0,0,87,87,0,80,6960
2026-05-26,Chicken Biryani,Tuesday,5,0,0,81,76,5,120,9120
2026-05-26,Fried Rice,Tuesday,5,0,0,64,53,11,70,3710
2026-05-26,Veg Meals,Tuesday,5,0,0,108,102,6,90,9180
2026-05-26,Samosa,Tuesday,5,0,0,127,115,12,20,2300
2026-05-26,Sandwich,Tuesday,5,0,0,53,53,0,50,2650
2026-05-26,Masala Dosa,Tuesday,5,0,0,73,62,11,60,3720
2026-05-26,Tea,Tuesday,5,0,0,153,128,25,15,1920
2026-05-26,Coffee,Tuesday,5,0,0,122,112,10,20,2240
2026-05-26,Juice,Tuesday,5,0,0,93,82,11,40,3280
2026-05-27,Veg Biryani,Wednesday,5,0,0,95,83,12,80,6640
2026-05-27,Chicken Biryani,Wednesday,5,0,0,83,77,6,120,9240
2026-05-27,Fried Rice,Wednesday,5,0,0,80,75,5,70,5250
2026-05-27,Veg Meals,Wednesday,5,0,0,85,83,2,90,7470
2026-05-27,Samosa,Wednesday,5,0,0,144,128,16,20,2560
2026-05-27,Sandwich,Wednesday,5,0,0,65,57,8,50,2850
2026-05-27,Masala Dosa,Wednesday,5,0,0,68,62,6,60,3720
2026-05-27,Tea,Wednesday,5,0,0,158,152,6,15,2280
2026-05-27,Coffee,Wednesday,5,0,0,104,98,6,20,1960
2026-05-27,Juice,Wednesday,5,0,0,88,80,8,40,3200
2026-05-28,Veg Biryani,Thursday,5,0,0,89,80,9,80,6400
2026-05-28,Chicken Biryani,Thursday,5,0,0,82,72,10,120,8640
2026-05-28,Fried Rice,Thursday,5,0,0,74,60,14,70,4200
2026-05-28,Veg Meals,Thursday,5,0,0,92,84,8,90,7560
2026-05-28,Samosa,Thursday,5,0,0,117,108,9,20,2160
2026-05-28,Sandwich,Thursday,5,0,0,68,66,2,50,3300
2026-05-28,Masala Dosa,Thursday,5,0,0,61,60,1,60,3600
2026-05-28,Tea,Thursday,5,0,0,175,159,16,15,2385
2026-05-28,Coffee,Thursday,5,0,0,110,100,10,20,2000
2026-05-28,Juice,Thursday,5,0,0,79,77,2,40,3080
2026-05-29,Veg Biryani,Friday,5,0,0,100,88,12,80,7040
2026-05-29,Chicken Biryani,Friday,5,0,0,81,81,0,120,9720
2026-05-29,Fried Rice,Friday,5,0,0,73,64,9,70,4480
2026-05-29,Veg Meals,Friday,5,0,0,96,88,8,90,7920
2026-05-29,Samosa,Friday,5,0,0,124,117,7,20,2340
2026-05-29,Sandwich,Friday,5,0,0,58,54,4,50,2700
2026-05-29,Masala Dosa,Friday,5,0,0,63,59,4,60,3540
2026-05-29,Tea,Friday,5,0,0,170,150,20,15,2250
2026-05-29,Coffee,Friday,5,0,0,120,103,17,20,2060
2026-05-29,Juice,Friday,5,0,0,78,70,8,40,2800
2026-05-30,Veg Biryani,Saturday,5,0,0,51,51,0,80,4080
2026-05-30,Chicken Biryani,Saturday,5,0,0,55,51,4,120,6120
2026-05-30,Fried Rice,Saturday,5,0,0,44,44,0,70,3080
2026-05-30,Veg Meals,Saturday,5,0,0,49,48,1,90,4320
2026-05-30,Samosa,Saturday,5,0,0,79,79,0,20,1580
2026-05-30,Sandwich,Saturday,5,0,0,32,32,0,50,1600
2026-05-30,Masala Dosa,Saturday,5,0,0,36,35,1,60,2100
2026-05-30,Tea,Saturday,5,0,0,90,70,20,15,1050
2026-05-30,Coffee,Saturday,5,0,0,61,58,3,20,1160
2026-05-30,Juice,Saturday,5,0,0,49,42,7,40,1680
2026-05-31,Veg Biryani,Sunday,5,0,0,51,48,3,80,3840
2026-05-31,Chicken Biryani,Sunday,5,0,0,46,46,0,120,5520
2026-05-31,Fried Rice,Sunday,5,0,0,45,37,8,70,2590
2026-05-31,Veg Meals,Sunday,5,0,0,61,56,5,90,5040
2026-05-31,Samosa,Sunday,5,0,0,79,75,4,20,1500
2026-05-31,Sandwich,Sunday,5,0,0,33,30,3,50,1500
2026-05-31,Masala Dosa,Sunday,5,0,0,43,43,0,60,2580
2026-05-31,Tea,Sunday,5,0,0,93,79,14,15,1185
2026-05-31,Coffee,Sunday,5,0,0,57,40,17,20,800
2026-05-31,Juice,Sunday,5,0,0,49,47,2,40,1880
2026-06-01,Veg Biryani,Monday,6,0,0,86,77,9,80,6160
2026-06-01,Chicken Biryani,Monday,6,0,0,84,82,2,120,9840
2026-06-01,Fried Rice,Monday,6,0,0,68,67,1,70,4690
2026-06-01,Veg Meals,Monday,6,0,0,86,71,15,90,6390
2026-06-01,Samosa,Monday,6,0,0,125,101,24,20,2020
2026-06-01,Sandwich,Monday,6,0,0,52,52,0,50,2600
2026-06-01,Masala Dosa,Monday,6,0,0,59,56,3,60,3360
2026-06-01,Tea,Monday,6,0,0,150,147,3,15,2205
2026-06-01,Coffee,Monday,6,0,0,124,112,12,20,2240
2026-06-01,Juice,Monday,6,0,0,80,74,6,40,2960
2026-06-02,Veg Biryani,Tuesday,6,1,0,44,42,2,80,3360
2026-06-02,Chicken Biryani,Tuesday,6,1,0,34,34,0,120,4080
2026-06-02,Fried Rice,Tuesday,6,1,0,34,31,3,70,2170
2026-06-02,Veg Meals,Tuesday,6,1,0,46,38,8,90,3420
2026-06-02,Samosa,Tuesday,6,1,0,48,40,8,20,800
2026-06-02,Sandwich,Tuesday,6,1,0,24,18,6,50,900
2026-06-02,Masala Dosa,Tuesday,6,1,0,32,31,1,60,1860
2026-06-02,Tea,Tuesday,6,1,0,80,69,11,15,1035
2026-06-02,Coffee,Tuesday,6,1,0,45,45,0,20,900
2026-06-02,Juice,Tuesday,6,1,0,38,34,4,40,1360
2026-06-03,Veg Biryani,Wednesday,6,1,0,40,34,6,80,2720
2026-06-03,Chicken Biryani,Wednesday,6,1,0,39,39,0,120,4680
2026-06-03,Fried Rice,Wednesday,6,1,0,29,29,0,70,2030
2026-06-03,Veg Meals,Wednesday,6,1,0,44,36,8,90,3240
2026-06-03,Samosa,Wednesday,6,1,0,59,54,5,20,1080
2026-06-03,Sandwich,Wednesday,6,1,0,25,25,0,50,1250
2026-06-03,Masala Dosa,Wednesday,6,1,0,32,28,4,60,1680
2026-06-03,Tea,Wednesday,6,1,0,65,55,10,15,825
2026-06-03,Coffee,Wednesday,6,1,0,50,50,0,20,1000
2026-06-03,Juice,Wednesday,6,1,0,34,24,10,40,960
2026-06-04,Veg Biryani,Thursday,6,0,0,108,98,10,80,7840
2026-06-04,Chicken Biryani,Thursday,6,0,0,90,82,8,120,9840
2026-06-04,Fried Rice,Thursday,6,0,0,72,67,5,70,4690
2026-06-04,Veg Meals,Thursday,6,0,0,80,80,0,90,7200
2026-06-04,Samosa,Thursday,6,0,0,123,115,8,20,2300
2026-06-04,Sandwich,Thursday,6,0,0,54,50,4,50,2500
2026-06-04,Masala Dosa,Thursday,6,0,0,62,55,7,60,3300
2026-06-04,Tea,Thursday,6,0,0,161,155,6,15,2325
2026-06-04,Coffee,Thursday,6,0,0,112,89,23,20,1780
2026-06-04,Juice,Thursday,6,0,0,85,72,13,40,2880
2026-06-05,Veg Biryani,Friday,6,0,1,119,115,4,80,9200
2026-06-05,Chicken Biryani,Friday,6,0,1,86,83,3,120,9960
2026-06-05,Fried Rice,Friday,6,0,1,82,82,0,70,5740
2026-06-05,Veg Meals,Friday,6,0,1,128,114,14,90,10260
2026-06-05,Samosa,Friday,6,0,1,155,139,16,20,2780
2026-06-05,Sandwich,Friday,6,0,1,79,74,5,50,3700
2026-06-05,Masala Dosa,Friday,6,0,1,89,80,9,60,4800
2026-06-05,Tea,Friday,6,0,1,187,165,22,15,2475
2026-06-05,Coffee,Friday,6,0,1,135,124,11,20,2480
2026-06-05,Juice,Friday,6,0,1,114,96,18,40,3840
2026-06-06,Veg Biryani,Saturday,6,0,0,54,53,1,80,4240
2026-06-06,Chicken Biryani,Saturday,6,0,0,53,48,5,120,5760
2026-06-06,Fried Rice,Saturday,6,0,0,47,44,3,70,3080
2026-06-06,Veg Meals,Saturday,6,0,0,59,52,7,90,4680
2026-06-06,Samosa,Saturday,6,0,0,64,64,0,20,1280
2026-06-06,Sandwich,Saturday,6,0,0,36,33,3,50,1650
2026-06-06,Masala Dosa,Saturday,6,0,0,44,38,6,60,2280
2026-06-06,Tea,Saturday,6,0,0,103,90,13,15,1350
2026-06-06,Coffee,Saturday,6,0,0,64,59,5,20,1180
2026-06-06,Juice,Saturday,6,0,0,55,47,8,40,1880
2026-06-07,Veg Biryani,Sunday,6,0,0,53,42,11,80,3360
2026-06-07,Chicken Biryani,Sunday,6,0,0,50,50,0,120,6000
2026-06-07,Fried Rice,Sunday,6,0,0,46,45,1,70,3150
2026-06-07,Veg Meals,Sunday,6,0,0,48,48,0,90,4320
2026-06-07,Samosa,Sunday,6,0,0,62,60,2,20,1200
2026-06-07,Sandwich,Sunday,6,0,0,33,23,10,50,1150
2026-06-07,Masala Dosa,Sunday,6,0,0,41,41,0,60,2460
2026-06-07,Tea,Sunday,6,0,0,100,100,0,15,1500
2026-06-07,Coffee,Sunday,6,0,0,56,53,3,20,1060
2026-06-07,Juice,Sunday,6,0,0,44,44,0,40,1760
2026-06-08,Veg Biryani,Monday,6,1,0,44,44,0,80,3520
2026-06-08,Chicken Biryani,Monday,6,1,0,39,38,1,120,4560
2026-06-08,Fried Rice,Monday,6,1,0,32,26,6,70,1820
2026-06-08,Veg Meals,Monday,6,1,0,46,32,14,90,2880
2026-06-08,Samosa,Monday,6,1,0,61,61,0,20,1220
2026-06-08,Sandwich,Monday,6,1,0,28,28,0,50,1400
2026-06-08,Masala Dosa,Monday,6,1,0,27,24,3,60,1440
2026-06-08,Tea,Monday,6,1,0,70,59,11,15,885
2026-06-08,Coffee,Monday,6,1,0,57,51,6,20,1020
2026-06-08,Juice,Monday,6,1,0,37,37,0,40,1480
2026-06-09,Veg Biryani,Tuesday,6,0,0,91,80,11,80,6400
2026-06-09,Chicken Biryani,Tuesday,6,0,0,67,62,5,120,7440
2026-06-09,Fried Rice,Tuesday,6,0,0,80,67,13,70,4690
2026-06-09,Veg Meals,Tuesday,6,0,0,95,87,8,90,7830
2026-06-09,Samosa,Tuesday,6,0,0,111,99,12,20,1980
2026-06-09,Sandwich,Tuesday,6,0,0,66,56,10,50,2800
2026-06-09,Masala Dosa,Tuesday,6,0,0,65,59,6,60,3540
2026-06-09,Tea,Tuesday,6,0,0,136,126,10,15,1890
2026-06-09,Coffee,Tuesday,6,0,0,96,94,2,20,1880
2026-06-09,Juice,Tuesday,6,0,0,84,75,9,40,3000
2026-06-10,Veg Biryani,Wednesday,6,0,0,110,100,10,80,8000
2026-06-10,Chicken Biryani,Wednesday,6,0,0,75,61,14,120,7320
2026-06-10,Fried Rice,Wednesday,6,0,0,82,65,17,70,4550
2026-06-10,Veg Meals,Wednesday,6,0,0,107,98,9,90,8820
2026-06-10,Samosa,Wednesday,6,0,0,127,118,9,20,2360
2026-06-10,Sandwich,Wednesday,6,0,0,54,52,2,50,2600
2026-06-10,Masala Dosa,Wednesday,6,0,0,69,61,8,60,3660
2026-06-10,Tea,Wednesday,6,0,0,150,134,16,15,2010
2026-06-10,Coffee,Wednesday,6,0,0,97,88,9,20,1760
2026-06-10,Juice,Wednesday,6,0,0,71,66,5,40,2640
2026-06-11,Veg Biryani,Thursday,6,0,0,114,96,18,80,7680
2026-06-11,Chicken Biryani,Thursday,6,0,0,76,76,0,120,9120
2026-06-11,Fried Rice,Thursday,6,0,0,77,72,5,70,5040
2026-06-11,Veg Meals,Thursday,6,0,0,96,92,4,90,8280
2026-06-11,Samosa,Thursday,6,0,0,130,118,12,20,2360
2026-06-11,Sandwich,Thursday,6,0,0,51,47,4,50,2350
2026-06-11,Masala Dosa,Thursday,6,0,0,62,54,8,60,3240
2026-06-11,Tea,Thursday,6,0,0,137,125,12,15,1875
2026-06-11,Coffee,Thursday,6,0,0,107,100,7,20,2000
2026-06-11,Juice,Thursday,6,0,0,87,81,6,40,3240
2026-06-12,Veg Biryani,Friday,6,0,0,102,100,2,80,8000
2026-06-12,Chicken Biryani,Friday,6,0,0,78,66,12,120,7920
2026-06-12,Fried Rice,Friday,6,0,0,81,71,10,70,4970
2026-06-12,Veg Meals,Friday,6,0,0,89,84,5,90,7560
2026-06-12,Samosa,Friday,6,0,0,117,111,6,20,2220
2026-06-12,Sandwich,Friday,6,0,0,56,56,0,50,2800
2026-06-12,Masala Dosa,Friday,6,0,0,63,57,6,60,3420
2026-06-12,Tea,Friday,6,0,0,132,129,3,15,1935
2026-06-12,Coffee,Friday,6,0,0,116,102,14,20,2040
2026-06-12,Juice,Friday,6,0,0,79,72,7,40,2880
2026-06-13,Veg Biryani,Saturday,6,0,0,63,51,12,80,4080
2026-06-13,Chicken Biryani,Saturday,6,0,0,53,45,8,120,5400
2026-06-13,Fried Rice,Saturday,6,0,0,44,39,5,70,2730
2026-06-13,Veg Meals,Saturday,6,0,0,59,51,8,90,4590
2026-06-13,Samosa,Saturday,6,0,0,67,63,4,20,1260
2026-06-13,Sandwich,Saturday,6,0,0,31,28,3,50,1400
2026-06-13,Masala Dosa,Saturday,6,0,0,42,42,0,60,2520
2026-06-13,Tea,Saturday,6,0,0,85,73,12,15,1095
2026-06-13,Coffee,Saturday,6,0,0,65,63,2,20,1260
2026-06-13,Juice,Saturday,6,0,0,56,53,3,40,2120
2026-06-14,Veg Biryani,Sunday,6,0,0,67,54,13,80,4320
2026-06-14,Chicken Biryani,Sunday,6,0,0,45,37,8,120,4440
2026-06-14,Fried Rice,Sunday,6,0,0,44,43,1,70,3010
2026-06-14,Veg Meals,Sunday,6,0,0,54,53,1,90,4770
2026-06-14,Samosa,Sunday,6,0,0,65,60,5,20,1200
2026-06-14,Sandwich,Sunday,6,0,0,35,28,7,50,1400
2026-06-14,Masala Dosa,Sunday,6,0,0,40,31,9,60,1860
2026-06-14,Tea,Sunday,6,0,0,92,84,8,15,1260
2026-06-14,Coffee,Sunday,6,0,0,65,65,0,20,1300
2026-06-14,Juice,Sunday,6,0,0,50,50,0,40,2000
2026-06-15,Veg Biryani,Monday,6,0,0,92,92,0,80,7360
2026-06-15,Chicken Biryani,Monday,6,0,0,74,57,17,120,6840
2026-06-15,Fried Rice,Monday,6,0,0,82,78,4,70,5460
2026-06-15,Veg Meals,Monday,6,0,0,85,76,9,90,6840
2026-06-15,Samosa,Monday,6,0,0,110,101,9,20,2020
2026-06-15,Sandwich,Monday,6,0,0,66,60,6,50,3000
2026-06-15,Masala Dosa,Monday,6,0,0,68,65,3,60,3900
2026-06-15,Tea,Monday,6,0,0,156,143,13,15,2145
2026-06-15,Coffee,Monday,6,0,0,100,91,9,20,1820
2026-06-15,Juice,Monday,6,0,0,83,82,1,40,3280
2026-06-16,Veg Biryani,Tuesday,6,0,0,105,92,13,80,7360
2026-06-16,Chicken Biryani,Tuesday,6,0,0,87,78,9,120,9360
2026-06-16,Fried Rice,Tuesday,6,0,0,76,65,11,70,4550
2026-06-16,Veg Meals,Tuesday,6,0,0,103,93,10,90,8370
2026-06-16,Samosa,Tuesday,6,0,0,138,124,14,20,2480
2026-06-16,Sandwich,Tuesday,6,0,0,65,42,23,50,2100
2026-06-16,Masala Dosa,Tuesday,6,0,0,56,56,0,60,3360
2026-06-16,Tea,Tuesday,6,0,0,157,153,4,15,2295
2026-06-16,Coffee,Tuesday,6,0,0,102,91,11,20,1820
2026-06-16,Juice,Tuesday,6,0,0,78,73,5,40,2920
2026-06-17,Veg Biryani,Wednesday,6,0,0,88,82,6,80,6560
2026-06-17,Chicken Biryani,Wednesday,6,0,0,69,68,1,120,8160
2026-06-17,Fried Rice,Wednesday,6,0,0,79,66,13,70,4620
2026-06-17,Veg Meals,Wednesday,6,0,0,103,94,9,90,8460
2026-06-17,Samosa,Wednesday,6,0,0,130,117,13,20,2340
2026-06-17,Sandwich,Wednesday,6,0,0,53,53,0,50,2650
2026-06-17,Masala Dosa,Wednesday,6,0,0,57,49,8,60,2940
2026-06-17,Tea,Wednesday,6,0,0,142,133,9,15,1995
2026-06-17,Coffee,Wednesday,6,0,0,125,100,25,20,2000
2026-06-17,Juice,Wednesday,6,0,0,72,67,5,40,2680
2026-06-18,Veg Biryani,Thursday,6,0,0,110,90,20,80,7200
2026-06-18,Chicken Biryani,Thursday,6,0,0,69,61,8,120,7320
2026-06-18,Fried Rice,Thursday,6,0,0,81,75,6,70,5250
2026-06-18,Veg Meals,Thursday,6,0,0,88,79,9,90,7110
2026-06-18,Samosa,Thursday,6,0,0,112,101,11,20,2020
2026-06-18,Sandwich,Thursday,6,0,0,59,54,5,50,2700
2026-06-18,Masala Dosa,Thursday,6,0,0,61,38,23,60,2280
2026-06-18,Tea,Thursday,6,0,0,160,145,15,15,2175
2026-06-18,Coffee,Thursday,6,0,0,97,91,6,20,1820
2026-06-18,Juice,Thursday,6,0,0,93,77,16,40,3080
2026-06-19,Veg Biryani,Friday,6,0,0,101,93,8,80,7440
2026-06-19,Chicken Biryani,Friday,6,0,0,72,63,9,120,7560
2026-06-19,Fried Rice,Friday,6,0,0,65,58,7,70,4060
2026-06-19,Veg Meals,Friday,6,0,0,99,92,7,90,8280
2026-06-19,Samosa,Friday,6,0,0,103,92,11,20,1840
2026-06-19,Sandwich,Friday,6,0,0,64,61,3,50,3050
2026-06-19,Masala Dosa,Friday,6,0,0,62,52,10,60,3120
2026-06-19,Tea,Friday,6,0,0,144,133,11,15,1995
2026-06-19,Coffee,Friday,6,0,0,119,112,7,20,2240
2026-06-19,Juice,Friday,6,0,0,84,74,10,40,2960
2026-06-20,Veg Biryani,Saturday,6,1,0,27,25,2,80,2000
2026-06-20,Chicken Biryani,Saturday,6,1,0,21,16,5,120,1920
2026-06-20,Fried Rice,Saturday,6,1,0,20,20,0,70,1400
2026-06-20,Veg Meals,Saturday,6,1,0,29,29,0,90,2610
2026-06-20,Samosa,Saturday,6,1,0,38,31,7,20,620
2026-06-20,Sandwich,Saturday,6,1,0,18,15,3,50,750
2026-06-20,Masala Dosa,Saturday,6,1,0,15,14,1,60,840
2026-06-20,Tea,Saturday,6,1,0,41,40,1,15,600
2026-06-20,Coffee,Saturday,6,1,0,27,22,5,20,440
2026-06-20,Juice,Saturday,6,1,0,24,21,3,40,840
2026-06-21,Veg Biryani,Sunday,6,0,0,67,62,5,80,4960
2026-06-21,Chicken Biryani,Sunday,6,0,0,47,36,11,120,4320
2026-06-21,Fried Rice,Sunday,6,0,0,40,28,12,70,1960
2026-06-21,Veg Meals,Sunday,6,0,0,51,50,1,90,4500
2026-06-21,Samosa,Sunday,6,0,0,76,65,11,20,1300
2026-06-21,Sandwich,Sunday,6,0,0,38,38,0,50,1900
2026-06-21,Masala Dosa,Sunday,6,0,0,43,37,6,60,2220
2026-06-21,Tea,Sunday,6,0,0,82,73,9,15,1095
2026-06-21,Coffee,Sunday,6,0,0,63,55,8,20,1100
2026-06-21,Juice,Sunday,6,0,0,49,40,9,40,1600
2026-06-22,Veg Biryani,Monday,6,0,1,131,118,13,80,9440
2026-06-22,Chicken Biryani,Monday,6,0,1,114,102,12,120,12240
2026-06-22,Fried Rice,Monday,6,0,1,96,93,3,70,6510
2026-06-22,Veg Meals,Monday,6,0,1,128,115,13,90,10350
2026-06-22,Samosa,Monday,6,0,1,133,130,3,20,2600
2026-06-22,Sandwich,Monday,6,0,1,68,66,2,50,3300
2026-06-22,Masala Dosa,Monday,6,0,1,72,67,5,60,4020
2026-06-22,Tea,Monday,6,0,1,189,181,8,15,2715
2026-06-22,Coffee,Monday,6,0,1,119,111,8,20,2220
2026-06-22,Juice,Monday,6,0,1,113,108,5,40,4320
2026-06-23,Veg Biryani,Tuesday,6,0,0,114,100,14,80,8000
2026-06-23,Chicken Biryani,Tuesday,6,0,0,73,73,0,120,8760
2026-06-23,Fried Rice,Tuesday,6,0,0,61,56,5,70,3920
2026-06-23,Veg Meals,Tuesday,6,0,0,100,83,17,90,7470
2026-06-23,Samosa,Tuesday,6,0,0,109,96,13,20,1920
2026-06-23,Sandwich,Tuesday,6,0,0,66,64,2,50,3200
2026-06-23,Masala Dosa,Tuesday,6,0,0,62,56,6,60,3360
2026-06-23,Tea,Tuesday,6,0,0,164,144,20,15,2160
2026-06-23,Coffee,Tuesday,6,0,0,109,105,4,20,2100
2026-06-23,Juice,Tuesday,6,0,0,81,78,3,40,3120
2026-06-24,Veg Biryani,Wednesday,6,0,0,91,82,9,80,6560
2026-06-24,Chicken Biryani,Wednesday,6,0,0,79,72,7,120,8640
2026-06-24,Fried Rice,Wednesday,6,0,0,73,65,8,70,4550
2026-06-24,Veg Meals,Wednesday,6,0,0,87,86,1,90,7740
2026-06-24,Samosa,Wednesday,6,0,0,119,119,0,20,2380
2026-06-24,Sandwich,Wednesday,6,0,0,52,48,4,50,2400
2026-06-24,Masala Dosa,Wednesday,6,0,0,72,54,18,60,3240
2026-06-24,Tea,Wednesday,6,0,0,129,129,0,15,1935
2026-06-24,Coffee,Wednesday,6,0,0,105,96,9,20,1920
2026-06-24,Juice,Wednesday,6,0,0,91,88,3,40,3520
2026-06-25,Veg Biryani,Thursday,6,0,0,117,94,23,80,7520
2026-06-25,Chicken Biryani,Thursday,6,0,0,76,71,5,120,8520
2026-06-25,Fried Rice,Thursday,6,0,0,63,59,4,70,4130
2026-06-25,Veg Meals,Thursday,6,0,0,98,92,6,90,8280
2026-06-25,Samosa,Thursday,6,0,0,123,113,10,20,2260
2026-06-25,Sandwich,Thursday,6,0,0,62,51,11,50,2550
2026-06-25,Masala Dosa,Thursday,6,0,0,69,60,9,60,3600
2026-06-25,Tea,Thursday,6,0,0,130,119,11,15,1785
2026-06-25,Coffee,Thursday,6,0,0,121,107,14,20,2140
2026-06-25,Juice,Thursday,6,0,0,81,74,7,40,2960
2026-06-26,Veg Biryani,Friday,6,0,0,102,94,8,80,7520
2026-06-26,Chicken Biryani,Friday,6,0,0,78,69,9,120,8280
2026-06-26,Fried Rice,Friday,6,0,0,62,61,1,70,4270
2026-06-26,Veg Meals,Friday,6,0,0,103,97,6,90,8730
2026-06-26,Samosa,Friday,6,0,0,129,126,3,20,2520
2026-06-26,Sandwich,Friday,6,0,0,71,59,12,50,2950
2026-06-26,Masala Dosa,Friday,6,0,0,67,58,9,60,3480
2026-06-26,Tea,Friday,6,0,0,155,147,8,15,2205
2026-06-26,Coffee,Friday,6,0,0,112,105,7,20,2100
2026-06-26,Juice,Friday,6,0,0,72,64,8,40,2560
2026-06-27,Veg Biryani,Saturday,6,0,0,50,44,6,80,3520
2026-06-27,Chicken Biryani,Saturday,6,0,0,53,51,2,120,6120
2026-06-27,Fried Rice,Saturday,6,0,0,42,42,0,70,2940
2026-06-27,Veg Meals,Saturday,6,0,0,52,48,4,90,4320
2026-06-27,Samosa,Saturday,6,0,0,84,73,11,20,1460
2026-06-27,Sandwich,Saturday,6,0,0,39,39,0,50,1950
2026-06-27,Masala Dosa,Saturday,6,0,0,39,30,9,60,1800
2026-06-27,Tea,Saturday,6,0,0,91,82,9,15,1230
2026-06-27,Coffee,Saturday,6,0,0,58,42,16,20,840
2026-06-27,Juice,Saturday,6,0,0,56,50,6,40,2000
2026-06-28,Veg Biryani,Sunday,6,0,0,57,55,2,80,4400
2026-06-28,Chicken Biryani,Sunday,6,0,0,43,43,0,120,5160
2026-06-28,Fried Rice,Sunday,6,0,0,43,37,6,70,2590
2026-06-28,Veg Meals,Sunday,6,0,0,51,45,6,90,4050
2026-06-28,Samosa,Sunday,6,0,0,61,53,8,20,1060
2026-06-28,Sandwich,Sunday,6,0,0,40,38,2,50,1900
2026-06-28,Masala Dosa,Sunday,6,0,0,37,37,0,60,2220
2026-06-28,Tea,Sunday,6,0,0,102,84,18,15,1260
2026-06-28,Coffee,Sunday,6,0,0,63,63,0,20,1260
2026-06-28,Juice,Sunday,6,0,0,53,44,9,40,1760
2026-06-29,Veg Biryani,Monday,6,0,0,99,84,15,80,6720
2026-06-29,Chicken Biryani,Monday,6,0,0,80,79,1,120,9480
2026-06-29,Fried Rice,Monday,6,0,0,63,53,10,70,3710
2026-06-29,Veg Meals,Monday,6,0,0,102,95,7,90,8550
2026-06-29,Samosa,Monday,6,0,0,132,128,4,20,2560
2026-06-29,Sandwich,Monday,6,0,0,58,44,14,50,2200
2026-06-29,Masala Dosa,Monday,6,0,0,69,69,0,60,4140
2026-06-29,Tea,Monday,6,0,0,154,150,4,15,2250
2026-06-29,Coffee,Monday,6,0,0,123,108,15,20,2160
2026-06-29,Juice,Monday,6,0,0,95,93,2,40,3720
2026-06-30,Veg Biryani,Tuesday,6,0,0,109,100,9,80,8000
2026-06-30,Chicken Biryani,Tuesday,6,0,0,69,61,8,120,7320
2026-06-30,Fried Rice,Tuesday,6,0,0,71,64,7,70,4480
2026-06-30,Veg Meals,Tuesday,6,0,0,100,95,5,90,8550
2026-06-30,Samosa,Tuesday,6,0,0,137,119,18,20,2380
2026-06-30,Sandwich,Tuesday,6,0,0,67,58,9,50,2900
2026-06-30,Masala Dosa,Tuesday,6,0,0,61,50,11,60,3000
2026-06-30,Tea,Tuesday,6,0,0,168,147,21,15,2205
2026-06-30,Coffee,Tuesday,6,0,0,116,101,15,20,2020
2026-06-30,Juice,Tuesday,6,0,0,91,77,14,40,3080
2026-07-01,Veg Biryani,Wednesday,7,0,1,119,95,24,80,7600
2026-07-01,Chicken Biryani,Wednesday,7,0,1,92,86,6,120,10320
2026-07-01,Fried Rice,Wednesday,7,0,1,82,79,3,70,5530
2026-07-01,Veg Meals,Wednesday,7,0,1,131,114,17,90,10260
2026-07-01,Samosa,Wednesday,7,0,1,147,138,9,20,2760
2026-07-01,Sandwich,Wednesday,7,0,1,84,82,2,50,4100
2026-07-01,Masala Dosa,Wednesday,7,0,1,87,73,14,60,4380
2026-07-01,Tea,Wednesday,7,0,1,186,173,13,15,2595
2026-07-01,Coffee,Wednesday,7,0,1,146,132,14,20,2640
2026-07-01,Juice,Wednesday,7,0,1,96,93,3,40,3720
2026-07-02,Veg Biryani,Thursday,7,0,0,92,79,13,80,6320
2026-07-02,Chicken Biryani,Thursday,7,0,0,66,66,0,120,7920
2026-07-02,Fried Rice,Thursday,7,0,0,82,79,3,70,5530
2026-07-02,Veg Meals,Thursday,7,0,0,84,84,0,90,7560
2026-07-02,Samosa,Thursday,7,0,0,125,113,12,20,2260
2026-07-02,Sandwich,Thursday,7,0,0,62,49,13,50,2450
2026-07-02,Masala Dosa,Thursday,7,0,0,58,51,7,60,3060
2026-07-02,Tea,Thursday,7,0,0,168,145,23,15,2175
2026-07-02,Coffee,Thursday,7,0,0,106,90,16,20,1800
2026-07-02,Juice,Thursday,7,0,0,75,65,10,40,2600
2026-07-03,Veg Biryani,Friday,7,0,0,90,85,5,80,6800
2026-07-03,Chicken Biryani,Friday,7,0,0,76,73,3,120,8760
2026-07-03,Fried Rice,Friday,7,0,0,65,54,11,70,3780
2026-07-03,Veg Meals,Friday,7,0,0,97,86,11,90,7740
2026-07-03,Samosa,Friday,7,0,0,124,119,5,20,2380
2026-07-03,Sandwich,Friday,7,0,0,65,53,12,50,2650
2026-07-03,Masala Dosa,Friday,7,0,0,61,61,0,60,3660
2026-07-03,Tea,Friday,7,0,0,168,160,8,15,2400
2026-07-03,Coffee,Friday,7,0,0,103,92,11,20,1840
2026-07-03,Juice,Friday,7,0,0,76,70,6,40,2800
2026-07-04,Veg Biryani,Saturday,7,0,0,64,56,8,80,4480
2026-07-04,Chicken Biryani,Saturday,7,0,0,46,43,3,120,5160
2026-07-04,Fried Rice,Saturday,7,0,0,44,44,0,70,3080
2026-07-04,Veg Meals,Saturday,7,0,0,52,45,7,90,4050
2026-07-04,Samosa,Saturday,7,0,0,80,75,5,20,1500
2026-07-04,Sandwich,Saturday,7,0,0,33,28,5,50,1400
2026-07-04,Masala Dosa,Saturday,7,0,0,44,38,6,60,2280
2026-07-04,Tea,Saturday,7,0,0,94,82,12,15,1230
2026-07-04,Coffee,Saturday,7,0,0,68,55,13,20,1100
2026-07-04,Juice,Saturday,7,0,0,51,51,0,40,2040
2026-07-05,Veg Biryani,Sunday,7,0,0,56,45,11,80,3600
2026-07-05,Chicken Biryani,Sunday,7,0,0,42,36,6,120,4320
2026-07-05,Fried Rice,Sunday,7,0,0,37,37,0,70,2590
2026-07-05,Veg Meals,Sunday,7,0,0,57,57,0,90,5130
2026-07-05,Samosa,Sunday,7,0,0,85,77,8,20,1540
2026-07-05,Sandwich,Sunday,7,0,0,41,40,1,50,2000
2026-07-05,Masala Dosa,Sunday,7,0,0,36,36,0,60,2160
2026-07-05,Tea,Sunday,7,0,0,89,89,0,15,1335
2026-07-05,Coffee,Sunday,7,0,0,66,63,3,20,1260
2026-07-05,Juice,Sunday,7,0,0,46,46,0,40,1840
2026-07-06,Veg Biryani,Monday,7,0,0,112,100,12,80,8000
2026-07-06,Chicken Biryani,Monday,7,0,0,78,78,0,120,9360
2026-07-06,Fried Rice,Monday,7,0,0,75,75,0,70,5250
2026-07-06,Veg Meals,Monday,7,0,0,102,92,10,90,8280
2026-07-06,Samosa,Monday,7,0,0,130,119,11,20,2380
2026-07-06,Sandwich,Monday,7,0,0,57,51,6,50,2550
2026-07-06,Masala Dosa,Monday,7,0,0,57,50,7,60,3000
2026-07-06,Tea,Monday,7,0,0,158,154,4,15,2310
2026-07-06,Coffee,Monday,7,0,0,96,94,2,20,1880
2026-07-06,Juice,Monday,7,0,0,92,84,8,40,3360
2026-07-07,Veg Biryani,Tuesday,7,0,0,86,74,12,80,5920
2026-07-07,Chicken Biryani,Tuesday,7,0,0,78,66,12,120,7920
2026-07-07,Fried Rice,Tuesday,7,0,0,68,65,3,70,4550
2026-07-07,Veg Meals,Tuesday,7,0,0,91,83,8,90,7470
2026-07-07,Samosa,Tuesday,7,0,0,135,125,10,20,2500
2026-07-07,Sandwich,Tuesday,7,0,0,71,51,20,50,2550
2026-07-07,Masala Dosa,Tuesday,7,0,0,58,54,4,60,3240
2026-07-07,Tea,Tuesday,7,0,0,144,142,2,15,2130
2026-07-07,Coffee,Tuesday,7,0,0,119,107,12,20,2140
2026-07-07,Juice,Tuesday,7,0,0,82,77,5,40,3080
2026-07-08,Veg Biryani,Wednesday,7,0,1,117,108,9,80,8640
2026-07-08,Chicken Biryani,Wednesday,7,0,1,89,79,10,120,9480
2026-07-08,Fried Rice,Wednesday,7,0,1,80,80,0,70,5600
2026-07-08,Veg Meals,Wednesday,7,0,1,118,116,2,90,10440
2026-07-08,Samosa,Wednesday,7,0,1,132,122,10,20,2440
2026-07-08,Sandwich,Wednesday,7,0,1,68,57,11,50,2850
2026-07-08,Masala Dosa,Wednesday,7,0,1,87,72,15,60,4320
2026-07-08,Tea,Wednesday,7,0,1,191,164,27,15,2460
2026-07-08,Coffee,Wednesday,7,0,1,149,127,22,20,2540
2026-07-08,Juice,Wednesday,7,0,1,111,89,22,40,3560
2026-07-09,Veg Biryani,Thursday,7,0,0,102,82,20,80,6560
2026-07-09,Chicken Biryani,Thursday,7,0,0,87,78,9,120,9360
2026-07-09,Fried Rice,Thursday,7,0,0,70,61,9,70,4270
2026-07-09,Veg Meals,Thursday,7,0,0,86,82,4,90,7380
2026-07-09,Samosa,Thursday,7,0,0,125,121,4,20,2420
2026-07-09,Sandwich,Thursday,7,0,0,55,49,6,50,2450
2026-07-09,Masala Dosa,Thursday,7,0,0,62,62,0,60,3720
2026-07-09,Tea,Thursday,7,0,0,163,140,23,15,2100
2026-07-09,Coffee,Thursday,7,0,0,97,94,3,20,1880
2026-07-09,Juice,Thursday,7,0,0,93,91,2,40,3640
2026-07-10,Veg Biryani,Friday,7,0,0,109,105,4,80,8400
2026-07-10,Chicken Biryani,Friday,7,0,0,74,66,8,120,7920
2026-07-10,Fried Rice,Friday,7,0,0,82,68,14,70,4760
2026-07-10,Veg Meals,Friday,7,0,0,93,82,11,90,7380
2026-07-10,Samosa,Friday,7,0,0,132,128,4,20,2560
2026-07-10,Sandwich,Friday,7,0,0,66,51,15,50,2550
2026-07-10,Masala Dosa,Friday,7,0,0,66,66,0,60,3960
2026-07-10,Tea,Friday,7,0,0,158,135,23,15,2025
2026-07-10,Coffee,Friday,7,0,0,110,99,11,20,1980
2026-07-10,Juice,Friday,7,0,0,76,66,10,40,2640
2026-07-11,Veg Biryani,Saturday,7,0,0,57,56,1,80,4480
2026-07-11,Chicken Biryani,Saturday,7,0,0,47,47,0,120,5640
2026-07-11,Fried Rice,Saturday,7,0,0,40,35,5,70,2450
2026-07-11,Veg Meals,Saturday,7,0,0,63,56,7,90,5040
2026-07-11,Samosa,Saturday,7,0,0,71,69,2,20,1380
2026-07-11,Sandwich,Saturday,7,0,0,40,40,0,50,2000
2026-07-11,Masala Dosa,Saturday,7,0,0,43,41,2,60,2460
2026-07-11,Tea,Saturday,7,0,0,98,83,15,15,1245
2026-07-11,Coffee,Saturday,7,0,0,58,56,2,20,1120
2026-07-11,Juice,Saturday,7,0,0,57,53,4,40,2120
2026-07-12,Veg Biryani,Sunday,7,0,0,62,57,5,80,4560
2026-07-12,Chicken Biryani,Sunday,7,0,0,47,47,0,120,5640
2026-07-12,Fried Rice,Sunday,7,0,0,43,34,9,70,2380
2026-07-12,Veg Meals,Sunday,7,0,0,52,45,7,90,4050
2026-07-12,Samosa,Sunday,7,0,0,66,60,6,20,1200
2026-07-12,Sandwich,Sunday,7,0,0,32,32,0,50,1600
2026-07-12,Masala Dosa,Sunday,7,0,0,41,41,0,60,2460
2026-07-12,Tea,Sunday,7,0,0,99,97,2,15,1455
2026-07-12,Coffee,Sunday,7,0,0,68,64,4,20,1280
2026-07-12,Juice,Sunday,7,0,0,46,45,1,40,1800
2026-07-13,Veg Biryani,Monday,7,0,1,119,108,11,80,8640
2026-07-13,Chicken Biryani,Monday,7,0,1,94,78,16,120,9360
2026-07-13,Fried Rice,Monday,7,0,1,104,89,15,70,6230
2026-07-13,Veg Meals,Monday,7,0,1,108,100,8,90,9000
2026-07-13,Samosa,Monday,7,0,1,150,139,11,20,2780
2026-07-13,Sandwich,Monday,7,0,1,69,54,15,50,2700
2026-07-13,Masala Dosa,Monday,7,0,1,84,72,12,60,4320
2026-07-13,Tea,Monday,7,0,1,234,208,26,15,3120
2026-07-13,Coffee,Monday,7,0,1,162,145,17,20,2900
2026-07-13,Juice,Monday,7,0,1,90,77,13,40,3080
2026-07-14,Veg Biryani,Tuesday,7,0,0,112,107,5,80,8560
2026-07-14,Chicken Biryani,Tuesday,7,0,0,89,81,8,120,9720
2026-07-14,Fried Rice,Tuesday,7,0,0,63,55,8,70,3850
2026-07-14,Veg Meals,Tuesday,7,0,0,79,72,7,90,6480
2026-07-14,Samosa,Tuesday,7,0,0,132,125,7,20,2500
2026-07-14,Sandwich,Tuesday,7,0,0,53,44,9,50,2200
2026-07-14,Masala Dosa,Tuesday,7,0,0,72,67,5,60,4020
2026-07-14,Tea,Tuesday,7,0,0,159,148,11,15,2220
2026-07-14,Coffee,Tuesday,7,0,0,123,112,11,20,2240
2026-07-14,Juice,Tuesday,7,0,0,88,81,7,40,3240
2026-07-15,Veg Biryani,Wednesday,7,0,0,104,98,6,80,7840
2026-07-15,Chicken Biryani,Wednesday,7,0,0,90,72,18,120,8640
2026-07-15,Fried Rice,Wednesday,7,0,0,68,65,3,70,4550
2026-07-15,Veg Meals,Wednesday,7,0,0,92,92,0,90,8280
2026-07-15,Samosa,Wednesday,7,0,0,121,103,18,20,2060
2026-07-15,Sandwich,Wednesday,7,0,0,66,66,0,50,3300
2026-07-15,Masala Dosa,Wednesday,7,0,0,67,65,2,60,3900
2026-07-15,Tea,Wednesday,7,0,0,139,137,2,15,2055
2026-07-15,Coffee,Wednesday,7,0,0,116,107,9,20,2140
2026-07-15,Juice,Wednesday,7,0,0,83,70,13,40,2800
2026-07-16,Veg Biryani,Thursday,7,0,0,106,106,0,80,8480
2026-07-16,Chicken Biryani,Thursday,7,0,0,87,81,6,120,9720
2026-07-16,Fried Rice,Thursday,7,0,0,82,61,21,70,4270
2026-07-16,Veg Meals,Thursday,7,0,0,84,75,9,90,6750
2026-07-16,Samosa,Thursday,7,0,0,117,111,6,20,2220
2026-07-16,Sandwich,Thursday,7,0,0,56,56,0,50,2800
2026-07-16,Masala Dosa,Thursday,7,0,0,56,53,3,60,3180
2026-07-16,Tea,Thursday,7,0,0,178,152,26,15,2280
2026-07-16,Coffee,Thursday,7,0,0,112,108,4,20,2160
2026-07-16,Juice,Thursday,7,0,0,79,66,13,40,2640
2026-07-17,Veg Biryani,Friday,7,0,0,109,105,4,80,8400
2026-07-17,Chicken Biryani,Friday,7,0,0,88,84,4,120,10080
2026-07-17,Fried Rice,Friday,7,0,0,76,69,7,70,4830
2026-07-17,Veg Meals,Friday,7,0,0,110,96,14,90,8640
2026-07-17,Samosa,Friday,7,0,0,139,121,18,20,2420
2026-07-17,Sandwich,Friday,7,0,0,51,44,7,50,2200
2026-07-17,Masala Dosa,Friday,7,0,0,60,53,7,60,3180
2026-07-17,Tea,Friday,7,0,0,134,125,9,15,1875
2026-07-17,Coffee,Friday,7,0,0,129,114,15,20,2280
2026-07-17,Juice,Friday,7,0,0,79,72,7,40,2880
2026-07-18,Veg Biryani,Saturday,7,0,0,55,49,6,80,3920
2026-07-18,Chicken Biryani,Saturday,7,0,0,42,37,5,120,4440
2026-07-18,Fried Rice,Saturday,7,0,0,43,43,0,70,3010
2026-07-18,Veg Meals,Saturday,7,0,0,49,43,6,90,3870
2026-07-18,Samosa,Saturday,7,0,0,78,73,5,20,1460
2026-07-18,Sandwich,Saturday,7,0,0,34,27,7,50,1350
2026-07-18,Masala Dosa,Saturday,7,0,0,42,40,2,60,2400
2026-07-18,Tea,Saturday,7,0,0,83,83,0,15,1245
2026-07-18,Coffee,Saturday,7,0,0,61,56,5,20,1120
2026-07-18,Juice,Saturday,7,0,0,48,38,10,40,1520
2026-07-19,Veg Biryani,Sunday,7,0,0,51,51,0,80,4080
2026-07-19,Chicken Biryani,Sunday,7,0,0,48,41,7,120,4920
2026-07-19,Fried Rice,Sunday,7,0,0,48,44,4,70,3080
2026-07-19,Veg Meals,Sunday,7,0,0,65,47,18,90,4230
2026-07-19,Samosa,Sunday,7,0,0,80,73,7,20,1460
2026-07-19,Sandwich,Sunday,7,0,0,39,28,11,50,1400
2026-07-19,Masala Dosa,Sunday,7,0,0,41,41,0,60,2460
2026-07-19,Tea,Sunday,7,0,0,88,80,8,15,1200
2026-07-19,Coffee,Sunday,7,0,0,67,58,9,20,1160
2026-07-19,Juice,Sunday,7,0,0,55,50,5,40,2000
2026-07-20,Veg Biryani,Monday,7,0,0,102,102,0,80,8160
2026-07-20,Chicken Biryani,Monday,7,0,0,71,64,7,120,7680
2026-07-20,Fried Rice,Monday,7,0,0,70,64,6,70,4480
2026-07-20,Veg Meals,Monday,7,0,0,83,71,12,90,6390
2026-07-20,Samosa,Monday,7,0,0,108,98,10,20,1960
2026-07-20,Sandwich,Monday,7,0,0,71,66,5,50,3300
2026-07-20,Masala Dosa,Monday,7,0,0,65,65,0,60,3900
2026-07-20,Tea,Monday,7,0,0,142,132,10,15,1980
2026-07-20,Coffee,Monday,7,0,0,115,99,16,20,1980
2026-07-20,Juice,Monday,7,0,0,85,81,4,40,3240
2026-07-21,Veg Biryani,Tuesday,7,0,0,94,78,16,80,6240
2026-07-21,Chicken Biryani,Tuesday,7,0,0,68,55,13,120,6600
2026-07-21,Fried Rice,Tuesday,7,0,0,79,68,11,70,4760
2026-07-21,Veg Meals,Tuesday,7,0,0,91,86,5,90,7740
2026-07-21,Samosa,Tuesday,7,0,0,106,92,14,20,1840
2026-07-21,Sandwich,Tuesday,7,0,0,58,47,11,50,2350
2026-07-21,Masala Dosa,Tuesday,7,0,0,65,56,9,60,3360
2026-07-21,Tea,Tuesday,7,0,0,152,142,10,15,2130
2026-07-21,Coffee,Tuesday,7,0,0,118,100,18,20,2000
2026-07-21,Juice,Tuesday,7,0,0,88,88,0,40,3520
2026-07-22,Veg Biryani,Wednesday,7,1,0,37,36,1,80,2880
2026-07-22,Chicken Biryani,Wednesday,7,1,0,37,22,15,120,2640
2026-07-22,Fried Rice,Wednesday,7,1,0,32,19,13,70,1330
2026-07-22,Veg Meals,Wednesday,7,1,0,45,45,0,90,4050
2026-07-22,Samosa,Wednesday,7,1,0,46,40,6,20,800
2026-07-22,Sandwich,Wednesday,7,1,0,28,27,1,50,1350
2026-07-22,Masala Dosa,Wednesday,7,1,0,26,22,4,60,1320
2026-07-22,Tea,Wednesday,7,1,0,72,72,0,15,1080
2026-07-22,Coffee,Wednesday,7,1,0,52,52,0,20,1040
2026-07-22,Juice,Wednesday,7,1,0,41,41,0,40,1640
2026-07-23,Veg Biryani,Thursday,7,0,0,82,79,3,80,6320
2026-07-23,Chicken Biryani,Thursday,7,0,0,81,81,0,120,9720
2026-07-23,Fried Rice,Thursday,7,0,0,65,62,3,70,4340
2026-07-23,Veg Meals,Thursday,7,0,0,103,97,6,90,8730
2026-07-23,Samosa,Thursday,7,0,0,127,118,9,20,2360
2026-07-23,Sandwich,Thursday,7,0,0,71,60,11,50,3000
2026-07-23,Masala Dosa,Thursday,7,0,0,69,69,0,60,4140
2026-07-23,Tea,Thursday,7,0,0,174,168,6,15,2520
2026-07-23,Coffee,Thursday,7,0,0,101,87,14,20,1740
2026-07-23,Juice,Thursday,7,0,0,81,70,11,40,2800
2026-07-24,Veg Biryani,Friday,7,0,0,109,105,4,80,8400
2026-07-24,Chicken Biryani,Friday,7,0,0,64,60,4,120,7200
2026-07-24,Fried Rice,Friday,7,0,0,65,59,6,70,4130
2026-07-24,Veg Meals,Friday,7,0,0,86,64,22,90,5760
2026-07-24,Samosa,Friday,7,0,0,130,118,12,20,2360
2026-07-24,Sandwich,Friday,7,0,0,70,69,1,50,3450
2026-07-24,Masala Dosa,Friday,7,0,0,68,60,8,60,3600
2026-07-24,Tea,Friday,7,0,0,155,145,10,15,2175
2026-07-24,Coffee,Friday,7,0,0,128,118,10,20,2360
2026-07-24,Juice,Friday,7,0,0,75,64,11,40,2560
2026-07-25,Veg Biryani,Saturday,7,0,0,53,53,0,80,4240
2026-07-25,Chicken Biryani,Saturday,7,0,0,42,36,6,120,4320
2026-07-25,Fried Rice,Saturday,7,0,0,42,30,12,70,2100
2026-07-25,Veg Meals,Saturday,7,0,0,57,52,5,90,4680
2026-07-25,Samosa,Saturday,7,0,0,63,63,0,20,1260
2026-07-25,Sandwich,Saturday,7,0,0,35,32,3,50,1600
2026-07-25,Masala Dosa,Saturday,7,0,0,43,39,4,60,2340
2026-07-25,Tea,Saturday,7,0,0,100,94,6,15,1410
2026-07-25,Coffee,Saturday,7,0,0,63,58,5,20,1160
2026-07-25,Juice,Saturday,7,0,0,50,47,3,40,1880
2026-07-26,Veg Biryani,Sunday,7,0,0,55,55,0,80,4400
2026-07-26,Chicken Biryani,Sunday,7,0,0,40,39,1,120,4680
2026-07-26,Fried Rice,Sunday,7,0,0,42,41,1,70,2870
2026-07-26,Veg Meals,Sunday,7,0,0,55,42,13,90,3780
2026-07-26,Samosa,Sunday,7,0,0,83,63,20,20,1260
2026-07-26,Sandwich,Sunday,7,0,0,30,24,6,50,1200
2026-07-26,Masala Dosa,Sunday,7,0,0,42,41,1,60,2460
2026-07-26,Tea,Sunday,7,0,0,86,71,15,15,1065
2026-07-26,Coffee,Sunday,7,0,0,65,57,8,20,1140
2026-07-26,Juice,Sunday,7,0,0,47,47,0,40,1880
2026-07-27,Veg Biryani,Monday,7,0,1,138,120,18,80,9600
2026-07-27,Chicken Biryani,Monday,7,0,1,108,86,22,120,10320
2026-07-27,Fried Rice,Monday,7,0,1,92,79,13,70,5530
2026-07-27,Veg Meals,Monday,7,0,1,118,115,3,90,10350
2026-07-27,Samosa,Monday,7,0,1,172,163,9,20,3260
2026-07-27,Sandwich,Monday,7,0,1,76,74,2,50,3700
2026-07-27,Masala Dosa,Monday,7,0,1,84,80,4,60,4800
2026-07-27,Tea,Monday,7,0,1,230,203,27,15,3045
2026-07-27,Coffee,Monday,7,0,1,146,134,12,20,2680
2026-07-27,Juice,Monday,7,0,1,115,100,15,40,4000
2026-07-28,Veg Biryani,Tuesday,7,0,0,100,98,2,80,7840
2026-07-28,Chicken Biryani,Tuesday,7,0,0,77,58,19,120,6960
2026-07-28,Fried Rice,Tuesday,7,0,0,79,64,15,70,4480
2026-07-28,Veg Meals,Tuesday,7,0,0,81,71,10,90,6390
2026-07-28,Samosa,Tuesday,7,0,0,120,104,16,20,2080
2026-07-28,Sandwich,Tuesday,7,0,0,57,54,3,50,2700
2026-07-28,Masala Dosa,Tuesday,7,0,0,61,53,8,60,3180
2026-07-28,Tea,Tuesday,7,0,0,143,123,20,15,1845
2026-07-28,Coffee,Tuesday,7,0,0,109,109,0,20,2180
2026-07-28,Juice,Tuesday,7,0,0,91,85,6,40,3400
2026-07-29,Veg Biryani,Wednesday,7,0,0,115,102,13,80,8160
2026-07-29,Chicken Biryani,Wednesday,7,0,0,79,76,3,120,9120
2026-07-29,Fried Rice,Wednesday,7,0,0,77,66,11,70,4620
2026-07-29,Veg Meals,Wednesday,7,0,0,103,100,3,90,9000
2026-07-29,Samosa,Wednesday,7,0,0,111,104,7,20,2080
2026-07-29,Sandwich,Wednesday,7,0,0,59,55,4,50,2750
2026-07-29,Masala Dosa,Wednesday,7,0,0,73,67,6,60,4020
2026-07-29,Tea,Wednesday,7,0,0,152,147,5,15,2205
2026-07-29,Coffee,Wednesday,7,0,0,111,102,9,20,2040
2026-07-29,Juice,Wednesday,7,0,0,87,82,5,40,3280
2026-07-30,Veg Biryani,Thursday,7,0,0,107,94,13,80,7520
2026-07-30,Chicken Biryani,Thursday,7,0,0,82,79,3,120,9480
2026-07-30,Fried Rice,Thursday,7,0,0,78,78,0,70,5460
2026-07-30,Veg Meals,Thursday,7,0,0,95,95,0,90,8550
2026-07-30,Samosa,Thursday,7,0,0,133,118,15,20,2360
2026-07-30,Sandwich,Thursday,7,0,0,57,55,2,50,2750
2026-07-30,Masala Dosa,Thursday,7,0,0,62,57,5,60,3420
2026-07-30,Tea,Thursday,7,0,0,172,145,27,15,2175
2026-07-30,Coffee,Thursday,7,0,0,95,93,2,20,1860
2026-07-30,Juice,Thursday,7,0,0,72,72,0,40,2880
2026-07-31,Veg Biryani,Friday,7,0,0,87,80,7,80,6400
2026-07-31,Chicken Biryani,Friday,7,0,0,86,77,9,120,9240
2026-07-31,Fried Rice,Friday,7,0,0,59,47,12,70,3290
2026-07-31,Veg Meals,Friday,7,0,0,81,80,1,90,7200
2026-07-31,Samosa,Friday,7,0,0,106,93,13,20,1860
2026-07-31,Sandwich,Friday,7,0,0,62,56,6,50,2800
2026-07-31,Masala Dosa,Friday,7,0,0,76,73,3,60,4380
2026-07-31,Tea,Friday,7,0,0,149,125,24,15,1875
2026-07-31,Coffee,Friday,7,0,0,106,96,10,20,1920
2026-07-31,Juice,Friday,7,0,0,93,79,14,40,3160
2026-08-01,Veg Biryani,Saturday,8,0,0,53,49,4,80,3920
2026-08-01,Chicken Biryani,Saturday,8,0,0,45,35,10,120,4200
2026-08-01,Fried Rice,Saturday,8,0,0,37,20,17,70,1400
2026-08-01,Veg Meals,Saturday,8,0,0,53,47,6,90,4230
2026-08-01,Samosa,Saturday,8,0,0,71,71,0,20,1420
2026-08-01,Sandwich,Saturday,8,0,0,38,37,1,50,1850
2026-08-01,Masala Dosa,Saturday,8,0,0,35,26,9,60,1560
2026-08-01,Tea,Saturday,8,0,0,93,80,13,15,1200
2026-08-01,Coffee,Saturday,8,0,0,56,47,9,20,940
2026-08-01,Juice,Saturday,8,0,0,50,50,0,40,2000
2026-08-02,Veg Biryani,Sunday,8,0,0,69,55,14,80,4400
2026-08-02,Chicken Biryani,Sunday,8,0,0,44,37,7,120,4440
2026-08-02,Fried Rice,Sunday,8,0,0,46,46,0,70,3220
2026-08-02,Veg Meals,Sunday,8,0,0,53,52,1,90,4680
2026-08-02,Samosa,Sunday,8,0,0,77,65,12,20,1300
2026-08-02,Sandwich,Sunday,8,0,0,33,33,0,50,1650
2026-08-02,Masala Dosa,Sunday,8,0,0,37,37,0,60,2220
2026-08-02,Tea,Sunday,8,0,0,101,101,0,15,1515
2026-08-02,Coffee,Sunday,8,0,0,66,52,14,20,1040
2026-08-02,Juice,Sunday,8,0,0,47,33,14,40,1320
2026-08-03,Veg Biryani,Monday,8,0,0,106,100,6,80,8000
2026-08-03,Chicken Biryani,Monday,8,0,0,85,79,6,120,9480
2026-08-03,Fried Rice,Monday,8,0,0,74,66,8,70,4620
2026-08-03,Veg Meals,Monday,8,0,0,99,88,11,90,7920
2026-08-03,Samosa,Monday,8,0,0,129,127,2,20,2540
2026-08-03,Sandwich,Monday,8,0,0,58,54,4,50,2700
2026-08-03,Masala Dosa,Monday,8,0,0,69,65,4,60,3900
2026-08-03,Tea,Monday,8,0,0,148,146,2,15,2190
2026-08-03,Coffee,Monday,8,0,0,116,103,13,20,2060
2026-08-03,Juice,Monday,8,0,0,88,82,6,40,3280
2026-08-04,Veg Biryani,Tuesday,8,0,0,87,84,3,80,6720
2026-08-04,Chicken Biryani,Tuesday,8,0,0,82,72,10,120,8640
2026-08-04,Fried Rice,Tuesday,8,0,0,75,73,2,70,5110
2026-08-04,Veg Meals,Tuesday,8,0,0,89,81,8,90,7290
2026-08-04,Samosa,Tuesday,8,0,0,99,89,10,20,1780
2026-08-04,Sandwich,Tuesday,8,0,0,60,60,0,50,3000
2026-08-04,Masala Dosa,Tuesday,8,0,0,63,57,6,60,3420
2026-08-04,Tea,Tuesday,8,0,0,157,147,10,15,2205
2026-08-04,Coffee,Tuesday,8,0,0,92,79,13,20,1580
2026-08-04,Juice,Tuesday,8,0,0,92,90,2,40,3600
2026-08-05,Veg Biryani,Wednesday,8,1,0,41,37,4,80,2960
2026-08-05,Chicken Biryani,Wednesday,8,1,0,38,24,14,120,2880
2026-08-05,Fried Rice,Wednesday,8,1,0,36,34,2,70,2380
2026-08-05,Veg Meals,Wednesday,8,1,0,38,37,1,90,3330
2026-08-05,Samosa,Wednesday,8,1,0,49,49,0,20,980
2026-08-05,Sandwich,Wednesday,8,1,0,27,27,0,50,1350
2026-08-05,Masala Dosa,Wednesday,8,1,0,31,31,0,60,1860
2026-08-05,Tea,Wednesday,8,1,0,64,64,0,15,960
2026-08-05,Coffee,Wednesday,8,1,0,45,41,4,20,820
2026-08-05,Juice,Wednesday,8,1,0,32,32,0,40,1280
2026-08-06,Veg Biryani,Thursday,8,0,0,108,92,16,80,7360
2026-08-06,Chicken Biryani,Thursday,8,0,0,68,68,0,120,8160
2026-08-06,Fried Rice,Thursday,8,0,0,75,66,9,70,4620
2026-08-06,Veg Meals,Thursday,8,0,0,90,88,2,90,7920
2026-08-06,Samosa,Thursday,8,0,0,121,104,17,20,2080
2026-08-06,Sandwich,Thursday,8,0,0,54,54,0,50,2700
2026-08-06,Masala Dosa,Thursday,8,0,0,60,60,0,60,3600
2026-08-06,Tea,Thursday,8,0,0,179,143,36,15,2145
2026-08-06,Coffee,Thursday,8,0,0,116,96,20,20,1920
2026-08-06,Juice,Thursday,8,0,0,81,67,14,40,2680
2026-08-07,Veg Biryani,Friday,8,1,0,46,44,2,80,3520
2026-08-07,Chicken Biryani,Friday,8,1,0,31,23,8,120,2760
2026-08-07,Fried Rice,Friday,8,1,0,35,34,1,70,2380
2026-08-07,Veg Meals,Friday,8,1,0,43,40,3,90,3600
2026-08-07,Samosa,Friday,8,1,0,55,55,0,20,1100
2026-08-07,Sandwich,Friday,8,1,0,29,22,7,50,1100
2026-08-07,Masala Dosa,Friday,8,1,0,27,24,3,60,1440
2026-08-07,Tea,Friday,8,1,0,71,60,11,15,900
2026-08-07,Coffee,Friday,8,1,0,42,40,2,20,800
2026-08-07,Juice,Friday,8,1,0,37,30,7,40,1200
2026-08-08,Veg Biryani,Saturday,8,0,0,64,56,8,80,4480
2026-08-08,Chicken Biryani,Saturday,8,0,0,48,41,7,120,4920
2026-08-08,Fried Rice,Saturday,8,0,0,41,41,0,70,2870
2026-08-08,Veg Meals,Saturday,8,0,0,55,52,3,90,4680
2026-08-08,Samosa,Saturday,8,0,0,70,68,2,20,1360
2026-08-08,Sandwich,Saturday,8,0,0,36,36,0,50,1800
2026-08-08,Masala Dosa,Saturday,8,0,0,33,26,7,60,1560
2026-08-08,Tea,Saturday,8,0,0,96,95,1,15,1425
2026-08-08,Coffee,Saturday,8,0,0,71,68,3,20,1360
2026-08-08,Juice,Saturday,8,0,0,44,41,3,40,1640
2026-08-09,Veg Biryani,Sunday,8,0,0,64,52,12,80,4160
2026-08-09,Chicken Biryani,Sunday,8,0,0,44,39,5,120,4680
2026-08-09,Fried Rice,Sunday,8,0,0,39,29,10,70,2030
2026-08-09,Veg Meals,Sunday,8,0,0,51,37,14,90,3330
2026-08-09,Samosa,Sunday,8,0,0,70,61,9,20,1220
2026-08-09,Sandwich,Sunday,8,0,0,36,36,0,50,1800
2026-08-09,Masala Dosa,Sunday,8,0,0,45,41,4,60,2460
2026-08-09,Tea,Sunday,8,0,0,83,76,7,15,1140
2026-08-09,Coffee,Sunday,8,0,0,69,53,16,20,1060
2026-08-09,Juice,Sunday,8,0,0,44,35,9,40,1400
2026-08-10,Veg Biryani,Monday,8,0,0,91,91,0,80,7280
2026-08-10,Chicken Biryani,Monday,8,0,0,86,84,2,120,10080
2026-08-10,Fried Rice,Monday,8,0,0,70,58,12,70,4060
2026-08-10,Veg Meals,Monday,8,0,0,99,87,12,90,7830
2026-08-10,Samosa,Monday,8,0,0,115,106,9,20,2120
2026-08-10,Sandwich,Monday,8,0,0,60,54,6,50,2700
2026-08-10,Masala Dosa,Monday,8,0,0,60,55,5,60,3300
2026-08-10,Tea,Monday,8,0,0,163,161,2,15,2415
2026-08-10,Coffee,Monday,8,0,0,111,102,9,20,2040
2026-08-10,Juice,Monday,8,0,0,80,73,7,40,2920
2026-08-11,Veg Biryani,Tuesday,8,0,0,91,82,9,80,6560
2026-08-11,Chicken Biryani,Tuesday,8,0,0,82,59,23,120,7080
2026-08-11,Fried Rice,Tuesday,8,0,0,75,65,10,70,4550
2026-08-11,Veg Meals,Tuesday,8,0,0,93,81,12,90,7290
2026-08-11,Samosa,Tuesday,8,0,0,112,110,2,20,2200
2026-08-11,Sandwich,Tuesday,8,0,0,57,54,3,50,2700
2026-08-11,Masala Dosa,Tuesday,8,0,0,62,61,1,60,3660
2026-08-11,Tea,Tuesday,8,0,0,156,146,10,15,2190
2026-08-11,Coffee,Tuesday,8,0,0,120,111,9,20,2220
2026-08-11,Juice,Tuesday,8,0,0,90,87,3,40,3480
2026-08-12,Veg Biryani,Wednesday,8,0,0,100,99,1,80,7920
2026-08-12,Chicken Biryani,Wednesday,8,0,0,71,69,2,120,8280
2026-08-12,Fried Rice,Wednesday,8,0,0,71,67,4,70,4690
2026-08-12,Veg Meals,Wednesday,8,0,0,101,89,12,90,8010
2026-08-12,Samosa,Wednesday,8,0,0,113,100,13,20,2000
2026-08-12,Sandwich,Wednesday,8,0,0,53,45,8,50,2250
2026-08-12,Masala Dosa,Wednesday,8,0,0,59,54,5,60,3240
2026-08-12,Tea,Wednesday,8,0,0,154,138,16,15,2070
2026-08-12,Coffee,Wednesday,8,0,0,109,97,12,20,1940
2026-08-12,Juice,Wednesday,8,0,0,69,59,10,40,2360
2026-08-13,Veg Biryani,Thursday,8,0,1,132,120,12,80,9600
2026-08-13,Chicken Biryani,Thursday,8,0,1,109,109,0,120,13080
2026-08-13,Fried Rice,Thursday,8,0,1,78,75,3,70,5250
2026-08-13,Veg Meals,Thursday,8,0,1,122,109,13,90,9810
2026-08-13,Samosa,Thursday,8,0,1,184,160,24,20,3200
2026-08-13,Sandwich,Thursday,8,0,1,68,63,5,50,3150
2026-08-13,Masala Dosa,Thursday,8,0,1,76,66,10,60,3960
2026-08-13,Tea,Thursday,8,0,1,233,202,31,15,3030
2026-08-13,Coffee,Thursday,8,0,1,157,152,5,20,3040
2026-08-13,Juice,Thursday,8,0,1,89,75,14,40,3000
2026-08-14,Veg Biryani,Friday,8,0,0,105,93,12,80,7440
2026-08-14,Chicken Biryani,Friday,8,0,0,72,55,17,120,6600
2026-08-14,Fried Rice,Friday,8,0,0,66,66,0,70,4620
2026-08-14,Veg Meals,Friday,8,0,0,87,84,3,90,7560
2026-08-14,Samosa,Friday,8,0,0,107,104,3,20,2080
2026-08-14,Sandwich,Friday,8,0,0,64,55,9,50,2750
2026-08-14,Masala Dosa,Friday,8,0,0,68,59,9,60,3540
2026-08-14,Tea,Friday,8,0,0,151,132,19,15,1980
2026-08-14,Coffee,Friday,8,0,0,123,115,8,20,2300
2026-08-14,Juice,Friday,8,0,0,75,69,6,40,2760
2026-08-15,Veg Biryani,Saturday,8,0,0,60,55,5,80,4400
2026-08-15,Chicken Biryani,Saturday,8,0,0,45,37,8,120,4440
2026-08-15,Fried Rice,Saturday,8,0,0,42,40,2,70,2800
2026-08-15,Veg Meals,Saturday,8,0,0,60,59,1,90,5310
2026-08-15,Samosa,Saturday,8,0,0,74,74,0,20,1480
2026-08-15,Sandwich,Saturday,8,0,0,35,21,14,50,1050
2026-08-15,Masala Dosa,Saturday,8,0,0,44,37,7,60,2220
2026-08-15,Tea,Saturday,8,0,0,80,80,0,15,1200
2026-08-15,Coffee,Saturday,8,0,0,77,65,12,20,1300
2026-08-15,Juice,Saturday,8,0,0,52,41,11,40,1640
2026-08-16,Veg Biryani,Sunday,8,0,1,74,74,0,80,5920
2026-08-16,Chicken Biryani,Sunday,8,0,1,54,54,0,120,6480
2026-08-16,Fried Rice,Sunday,8,0,1,57,55,2,70,3850
2026-08-16,Veg Meals,Sunday,8,0,1,62,53,9,90,4770
2026-08-16,Samosa,Sunday,8,0,1,103,97,6,20,1940
2026-08-16,Sandwich,Sunday,8,0,1,49,38,11,50,1900
2026-08-16,Masala Dosa,Sunday,8,0,1,56,45,11,60,2700
2026-08-16,Tea,Sunday,8,0,1,111,101,10,15,1515
2026-08-16,Coffee,Sunday,8,0,1,88,71,17,20,1420
2026-08-16,Juice,Sunday,8,0,1,66,62,4,40,2480
2026-08-17,Veg Biryani,Monday,8,0,0,106,92,14,80,7360
2026-08-17,Chicken Biryani,Monday,8,0,0,68,55,13,120,6600
2026-08-17,Fried Rice,Monday,8,0,0,72,71,1,70,4970
2026-08-17,Veg Meals,Monday,8,0,0,81,78,3,90,7020
2026-08-17,Samosa,Monday,8,0,0,135,123,12,20,2460
2026-08-17,Sandwich,Monday,8,0,0,66,65,1,50,3250
2026-08-17,Masala Dosa,Monday,8,0,0,74,58,16,60,3480
2026-08-17,Tea,Monday,8,0,0,139,132,7,15,1980
2026-08-17,Coffee,Monday,8,0,0,100,100,0,20,2000
2026-08-17,Juice,Monday,8,0,0,82,80,2,40,3200
2026-08-18,Veg Biryani,Tuesday,8,0,0,83,79,4,80,6320
2026-08-18,Chicken Biryani,Tuesday,8,0,0,69,58,11,120,6960
2026-08-18,Fried Rice,Tuesday,8,0,0,71,68,3,70,4760
2026-08-18,Veg Meals,Tuesday,8,0,0,101,99,2,90,8910
2026-08-18,Samosa,Tuesday,8,0,0,112,110,2,20,2200
2026-08-18,Sandwich,Tuesday,8,0,0,64,50,14,50,2500
2026-08-18,Masala Dosa,Tuesday,8,0,0,78,63,15,60,3780
2026-08-18,Tea,Tuesday,8,0,0,165,161,4,15,2415
2026-08-18,Coffee,Tuesday,8,0,0,105,88,17,20,1760
2026-08-18,Juice,Tuesday,8,0,0,76,63,13,40,2520
2026-08-19,Veg Biryani,Wednesday,8,0,0,101,94,7,80,7520
2026-08-19,Chicken Biryani,Wednesday,8,0,0,82,72,10,120,8640
2026-08-19,Fried Rice,Wednesday,8,0,0,68,63,5,70,4410
2026-08-19,Veg Meals,Wednesday,8,0,0,104,97,7,90,8730
2026-08-19,Samosa,Wednesday,8,0,0,134,114,20,20,2280
2026-08-19,Sandwich,Wednesday,8,0,0,65,56,9,50,2800
2026-08-19,Masala Dosa,Wednesday,8,0,0,66,51,15,60,3060
2026-08-19,Tea,Wednesday,8,0,0,153,137,16,15,2055
2026-08-19,Coffee,Wednesday,8,0,0,115,100,15,20,2000
2026-08-19,Juice,Wednesday,8,0,0,77,65,12,40,2600
2026-08-20,Veg Biryani,Thursday,8,0,0,110,103,7,80,8240
2026-08-20,Chicken Biryani,Thursday,8,0,0,83,79,4,120,9480
2026-08-20,Fried Rice,Thursday,8,0,0,80,71,9,70,4970
2026-08-20,Veg Meals,Thursday,8,0,0,90,84,6,90,7560
2026-08-20,Samosa,Thursday,8,0,0,110,103,7,20,2060
2026-08-20,Sandwich,Thursday,8,0,0,59,53,6,50,2650
2026-08-20,Masala Dosa,Thursday,8,0,0,75,69,6,60,4140
2026-08-20,Tea,Thursday,8,0,0,177,155,22,15,2325
2026-08-20,Coffee,Thursday,8,0,0,104,96,8,20,1920
2026-08-20,Juice,Thursday,8,0,0,72,72,0,40,2880
2026-08-21,Veg Biryani,Friday,8,0,0,112,104,8,80,8320
2026-08-21,Chicken Biryani,Friday,8,0,0,85,69,16,120,8280
2026-08-21,Fried Rice,Friday,8,0,0,80,79,1,70,5530
2026-08-21,Veg Meals,Friday,8,0,0,96,94,2,90,8460
2026-08-21,Samosa,Friday,8,0,0,130,123,7,20,2460
2026-08-21,Sandwich,Friday,8,0,0,62,54,8,50,2700
2026-08-21,Masala Dosa,Friday,8,0,0,62,59,3,60,3540
2026-08-21,Tea,Friday,8,0,0,142,133,9,15,1995
2026-08-21,Coffee,Friday,8,0,0,111,107,4,20,2140
2026-08-21,Juice,Friday,8,0,0,92,82,10,40,3280
2026-08-22,Veg Biryani,Saturday,8,0,1,70,68,2,80,5440
2026-08-22,Chicken Biryani,Saturday,8,0,1,60,58,2,120,6960
2026-08-22,Fried Rice,Saturday,8,0,1,57,57,0,70,3990
2026-08-22,Veg Meals,Saturday,8,0,1,66,56,10,90,5040
2026-08-22,Samosa,Saturday,8,0,1,101,86,15,20,1720
2026-08-22,Sandwich,Saturday,8,0,1,52,44,8,50,2200
2026-08-22,Masala Dosa,Saturday,8,0,1,55,53,2,60,3180
2026-08-22,Tea,Saturday,8,0,1,114,105,9,15,1575
2026-08-22,Coffee,Saturday,8,0,1,82,79,3,20,1580
2026-08-22,Juice,Saturday,8,0,1,65,58,7,40,2320
2026-08-23,Veg Biryani,Sunday,8,0,0,55,47,8,80,3760
2026-08-23,Chicken Biryani,Sunday,8,0,0,49,44,5,120,5280
2026-08-23,Fried Rice,Sunday,8,0,0,42,35,7,70,2450
2026-08-23,Veg Meals,Sunday,8,0,0,62,59,3,90,5310
2026-08-23,Samosa,Sunday,8,0,0,71,69,2,20,1380
2026-08-23,Sandwich,Sunday,8,0,0,36,29,7,50,1450
2026-08-23,Masala Dosa,Sunday,8,0,0,43,41,2,60,2460
2026-08-23,Tea,Sunday,8,0,0,85,79,6,15,1185
2026-08-23,Coffee,Sunday,8,0,0,60,51,9,20,1020
2026-08-23,Juice,Sunday,8,0,0,42,42,0,40,1680
2026-08-24,Veg Biryani,Monday,8,1,0,49,38,11,80,3040
2026-08-24,Chicken Biryani,Monday,8,1,0,34,31,3,120,3720
2026-08-24,Fried Rice,Monday,8,1,0,31,25,6,70,1750
2026-08-24,Veg Meals,Monday,8,1,0,38,35,3,90,3150
2026-08-24,Samosa,Monday,8,1,0,48,48,0,20,960
2026-08-24,Sandwich,Monday,8,1,0,26,21,5,50,1050
2026-08-24,Masala Dosa,Monday,8,1,0,31,30,1,60,1800
2026-08-24,Tea,Monday,8,1,0,72,63,9,15,945
2026-08-24,Coffee,Monday,8,1,0,52,50,2,20,1000
2026-08-24,Juice,Monday,8,1,0,40,37,3,40,1480
2026-08-25,Veg Biryani,Tuesday,8,0,0,104,99,5,80,7920
2026-08-25,Chicken Biryani,Tuesday,8,0,0,75,64,11,120,7680
2026-08-25,Fried Rice,Tuesday,8,0,0,60,51,9,70,3570
2026-08-25,Veg Meals,Tuesday,8,0,0,79,70,9,90,6300
2026-08-25,Samosa,Tuesday,8,0,0,121,103,18,20,2060
2026-08-25,Sandwich,Tuesday,8,0,0,70,55,15,50,2750
2026-08-25,Masala Dosa,Tuesday,8,0,0,65,59,6,60,3540
2026-08-25,Tea,Tuesday,8,0,0,142,130,12,15,1950
2026-08-25,Coffee,Tuesday,8,0,0,101,92,9,20,1840
2026-08-25,Juice,Tuesday,8,0,0,70,62,8,40,2480
2026-08-26,Veg Biryani,Wednesday,8,0,0,108,102,6,80,8160
2026-08-26,Chicken Biryani,Wednesday,8,0,0,70,68,2,120,8160
2026-08-26,Fried Rice,Wednesday,8,0,0,68,61,7,70,4270
2026-08-26,Veg Meals,Wednesday,8,0,0,80,71,9,90,6390
2026-08-26,Samosa,Wednesday,8,0,0,136,118,18,20,2360
2026-08-26,Sandwich,Wednesday,8,0,0,55,52,3,50,2600
2026-08-26,Masala Dosa,Wednesday,8,0,0,63,52,11,60,3120
2026-08-26,Tea,Wednesday,8,0,0,158,149,9,15,2235
2026-08-26,Coffee,Wednesday,8,0,0,104,98,6,20,1960
2026-08-26,Juice,Wednesday,8,0,0,83,82,1,40,3280
2026-08-27,Veg Biryani,Thursday,8,0,1,126,112,14,80,8960
2026-08-27,Chicken Biryani,Thursday,8,0,1,85,69,16,120,8280
2026-08-27,Fried Rice,Thursday,8,0,1,110,94,16,70,6580
2026-08-27,Veg Meals,Thursday,8,0,1,109,99,10,90,8910
2026-08-27,Samosa,Thursday,8,0,1,173,160,13,20,3200
2026-08-27,Sandwich,Thursday,8,0,1,89,83,6,50,4150
2026-08-27,Masala Dosa,Thursday,8,0,1,92,79,13,60,4740
2026-08-27,Tea,Thursday,8,0,1,186,165,21,15,2475
2026-08-27,Coffee,Thursday,8,0,1,167,152,15,20,3040
2026-08-27,Juice,Thursday,8,0,1,92,87,5,40,3480
2026-08-28,Veg Biryani,Friday,8,1,0,43,33,10,80,2640
2026-08-28,Chicken Biryani,Friday,8,1,0,37,30,7,120,3600
2026-08-28,Fried Rice,Friday,8,1,0,30,25,5,70,1750
2026-08-28,Veg Meals,Friday,8,1,0,40,32,8,90,2880
2026-08-28,Samosa,Friday,8,1,0,57,56,1,20,1120
2026-08-28,Sandwich,Friday,8,1,0,25,20,5,50,1000
2026-08-28,Masala Dosa,Friday,8,1,0,31,31,0,60,1860
2026-08-28,Tea,Friday,8,1,0,60,48,12,15,720
2026-08-28,Coffee,Friday,8,1,0,45,36,9,20,720
2026-08-28,Juice,Friday,8,1,0,34,34,0,40,1360
2026-08-29,Veg Biryani,Saturday,8,0,0,52,48,4,80,3840
2026-08-29,Chicken Biryani,Saturday,8,0,0,40,36,4,120,4320
2026-08-29,Fried Rice,Saturday,8,0,0,47,46,1,70,3220
2026-08-29,Veg Meals,Saturday,8,0,0,63,63,0,90,5670
2026-08-29,Samosa,Saturday,8,0,0,71,61,10,20,1220
2026-08-29,Sandwich,Saturday,8,0,0,39,28,11,50,1400
2026-08-29,Masala Dosa,Saturday,8,0,0,46,46,0,60,2760
2026-08-29,Tea,Saturday,8,0,0,78,74,4,15,1110
2026-08-29,Coffee,Saturday,8,0,0,64,61,3,20,1220
2026-08-29,Juice,Saturday,8,0,0,48,45,3,40,1800
2026-08-30,Veg Biryani,Sunday,8,0,0,67,50,17,80,4000
2026-08-30,Chicken Biryani,Sunday,8,0,0,52,46,6,120,5520
2026-08-30,Fried Rice,Sunday,8,0,0,48,38,10,70,2660
2026-08-30,Veg Meals,Sunday,8,0,0,61,47,14,90,4230
2026-08-30,Samosa,Sunday,8,0,0,82,79,3,20,1580
2026-08-30,Sandwich,Sunday,8,0,0,41,40,1,50,2000
2026-08-30,Masala Dosa,Sunday,8,0,0,37,37,0,60,2220
2026-08-30,Tea,Sunday,8,0,0,93,78,15,15,1170
2026-08-30,Coffee,Sunday,8,0,0,64,60,4,20,1200
2026-08-30,Juice,Sunday,8,0,0,49,42,7,40,1680
2026-08-31,Veg Biryani,Monday,8,0,0,95,77,18,80,6160
2026-08-31,Chicken Biryani,Monday,8,0,0,90,79,11,120,9480
2026-08-31,Fried Rice,Monday,8,0,0,81,79,2,70,5530
2026-08-31,Veg Meals,Monday,8,0,0,96,85,11,90,7650
2026-08-31,Samosa,Monday,8,0,0,111,101,10,20,2020
2026-08-31,Sandwich,Monday,8,0,0,49,45,4,50,2250
2026-08-31,Masala Dosa,Monday,8,0,0,74,73,1,60,4380
2026-08-31,Tea,Monday,8,0,0,151,144,7,15,2160
2026-08-31,Coffee,Monday,8,0,0,119,111,8,20,2220
2026-08-31,Juice,Monday,8,0,0,95,90,5,40,3600
2026-09-01,Veg Biryani,Tuesday,9,0,0,96,84,12,80,6720
2026-09-01,Chicken Biryani,Tuesday,9,0,0,85,73,12,120,8760
2026-09-01,Fried Rice,Tuesday,9,0,0,69,61,8,70,4270
2026-09-01,Veg Meals,Tuesday,9,0,0,100,99,1,90,8910
2026-09-01,Samosa,Tuesday,9,0,0,135,118,17,20,2360
2026-09-01,Sandwich,Tuesday,9,0,0,55,43,12,50,2150
2026-09-01,Masala Dosa,Tuesday,9,0,0,68,58,10,60,3480
2026-09-01,Tea,Tuesday,9,0,0,131,118,13,15,1770
2026-09-01,Coffee,Tuesday,9,0,0,116,98,18,20,1960
2026-09-01,Juice,Tuesday,9,0,0,96,95,1,40,3800
2026-09-02,Veg Biryani,Wednesday,9,0,0,112,99,13,80,7920
2026-09-02,Chicken Biryani,Wednesday,9,0,0,73,68,5,120,8160
2026-09-02,Fried Rice,Wednesday,9,0,0,74,64,10,70,4480
2026-09-02,Veg Meals,Wednesday,9,0,0,101,82,19,90,7380
2026-09-02,Samosa,Wednesday,9,0,0,134,120,14,20,2400
2026-09-02,Sandwich,Wednesday,9,0,0,56,56,0,50,2800
2026-09-02,Masala Dosa,Wednesday,9,0,0,69,69,0,60,4140
2026-09-02,Tea,Wednesday,9,0,0,147,127,20,15,1905
2026-09-02,Coffee,Wednesday,9,0,0,103,101,2,20,2020
2026-09-02,Juice,Wednesday,9,0,0,79,70,9,40,2800
2026-09-03,Veg Biryani,Thursday,9,0,0,99,81,18,80,6480
2026-09-03,Chicken Biryani,Thursday,9,0,0,79,75,4,120,9000
2026-09-03,Fried Rice,Thursday,9,0,0,70,70,0,70,4900
2026-09-03,Veg Meals,Thursday,9,0,0,90,86,4,90,7740
2026-09-03,Samosa,Thursday,9,0,0,138,119,19,20,2380
2026-09-03,Sandwich,Thursday,9,0,0,60,58,2,50,2900
2026-09-03,Masala Dosa,Thursday,9,0,0,56,50,6,60,3000
2026-09-03,Tea,Thursday,9,0,0,140,130,10,15,1950
2026-09-03,Coffee,Thursday,9,0,0,114,103,11,20,2060
2026-09-03,Juice,Thursday,9,0,0,68,66,2,40,2640
2026-09-04,Veg Biryani,Friday,9,0,1,137,128,9,80,10240
2026-09-04,Chicken Biryani,Friday,9,0,1,108,97,11,120,11640
2026-09-04,Fried Rice,Friday,9,0,1,87,87,0,70,6090
2026-09-04,Veg Meals,Friday,9,0,1,122,106,16,90,9540
2026-09-04,Samosa,Friday,9,0,1,143,131,12,20,2620
2026-09-04,Sandwich,Friday,9,0,1,89,76,13,50,3800
2026-09-04,Masala Dosa,Friday,9,0,1,101,97,4,60,5820
2026-09-04,Tea,Friday,9,0,1,190,174,16,15,2610
2026-09-04,Coffee,Friday,9,0,1,141,124,17,20,2480
2026-09-04,Juice,Friday,9,0,1,105,97,8,40,3880
2026-09-05,Veg Biryani,Saturday,9,0,0,51,48,3,80,3840
2026-09-05,Chicken Biryani,Saturday,9,0,0,46,46,0,120,5520
2026-09-05,Fried Rice,Saturday,9,0,0,42,41,1,70,2870
2026-09-05,Veg Meals,Saturday,9,0,0,47,47,0,90,4230
2026-09-05,Samosa,Saturday,9,0,0,82,71,11,20,1420
2026-09-05,Sandwich,Saturday,9,0,0,40,36,4,50,1800
2026-09-05,Masala Dosa,Saturday,9,0,0,39,39,0,60,2340
2026-09-05,Tea,Saturday,9,0,0,93,84,9,15,1260
2026-09-05,Coffee,Saturday,9,0,0,71,58,13,20,1160
2026-09-05,Juice,Saturday,9,0,0,45,44,1,40,1760
2026-09-06,Veg Biryani,Sunday,9,0,0,68,55,13,80,4400
2026-09-06,Chicken Biryani,Sunday,9,0,0,43,43,0,120,5160
2026-09-06,Fried Rice,Sunday,9,0,0,42,36,6,70,2520
2026-09-06,Veg Meals,Sunday,9,0,0,53,49,4,90,4410
2026-09-06,Samosa,Sunday,9,0,0,68,57,11,20,1140
2026-09-06,Sandwich,Sunday,9,0,0,34,29,5,50,1450
2026-09-06,Masala Dosa,Sunday,9,0,0,39,39,0,60,2340
2026-09-06,Tea,Sunday,9,0,0,99,93,6,15,1395
2026-09-06,Coffee,Sunday,9,0,0,69,66,3,20,1320
2026-09-06,Juice,Sunday,9,0,0,46,38,8,40,1520
2026-09-07,Veg Biryani,Monday,9,0,0,111,91,20,80,7280
2026-09-07,Chicken Biryani,Monday,9,0,0,85,85,0,120,10200
2026-09-07,Fried Rice,Monday,9,0,0,69,65,4,70,4550
2026-09-07,Veg Meals,Monday,9,0,0,96,88,8,90,7920
2026-09-07,Samosa,Monday,9,0,0,115,113,2,20,2260
2026-09-07,Sandwich,Monday,9,0,0,68,67,1,50,3350
2026-09-07,Masala Dosa,Monday,9,0,0,72,64,8,60,3840
2026-09-07,Tea,Monday,9,0,0,170,160,10,15,2400
2026-09-07,Coffee,Monday,9,0,0,107,103,4,20,2060
2026-09-07,Juice,Monday,9,0,0,83,66,17,40,2640
2026-09-08,Veg Biryani,Tuesday,9,0,0,87,81,6,80,6480
2026-09-08,Chicken Biryani,Tuesday,9,0,0,68,54,14,120,6480
2026-09-08,Fried Rice,Tuesday,9,0,0,67,67,0,70,4690
2026-09-08,Veg Meals,Tuesday,9,0,0,84,77,7,90,6930
2026-09-08,Samosa,Tuesday,9,0,0,126,112,14,20,2240
2026-09-08,Sandwich,Tuesday,9,0,0,58,58,0,50,2900
2026-09-08,Masala Dosa,Tuesday,9,0,0,71,63,8,60,3780
2026-09-08,Tea,Tuesday,9,0,0,175,158,17,15,2370
2026-09-08,Coffee,Tuesday,9,0,0,114,103,11,20,2060
2026-09-08,Juice,Tuesday,9,0,0,93,90,3,40,3600
2026-09-09,Veg Biryani,Wednesday,9,0,0,97,91,6,80,7280
2026-09-09,Chicken Biryani,Wednesday,9,0,0,78,74,4,120,8880
2026-09-09,Fried Rice,Wednesday,9,0,0,79,73,6,70,5110
2026-09-09,Veg Meals,Wednesday,9,0,0,94,79,15,90,7110
2026-09-09,Samosa,Wednesday,9,0,0,114,97,17,20,1940
2026-09-09,Sandwich,Wednesday,9,0,0,69,63,6,50,3150
2026-09-09,Masala Dosa,Wednesday,9,0,0,62,54,8,60,3240
2026-09-09,Tea,Wednesday,9,0,0,135,131,4,15,1965
2026-09-09,Coffee,Wednesday,9,0,0,106,86,20,20,1720
2026-09-09,Juice,Wednesday,9,0,0,73,67,6,40,2680
2026-09-10,Veg Biryani,Thursday,9,1,0,50,46,4,80,3680
2026-09-10,Chicken Biryani,Thursday,9,1,0,32,30,2,120,3600
2026-09-10,Fried Rice,Thursday,9,1,0,32,30,2,70,2100
2026-09-10,Veg Meals,Thursday,9,1,0,38,33,5,90,2970
2026-09-10,Samosa,Thursday,9,1,0,45,40,5,20,800
2026-09-10,Sandwich,Thursday,9,1,0,27,26,1,50,1300
2026-09-10,Masala Dosa,Thursday,9,1,0,28,28,0,60,1680
2026-09-10,Tea,Thursday,9,1,0,68,63,5,15,945
2026-09-10,Coffee,Thursday,9,1,0,49,49,0,20,980
2026-09-10,Juice,Thursday,9,1,0,44,30,14,40,1200
2026-09-11,Veg Biryani,Friday,9,0,0,99,91,8,80,7280
2026-09-11,Chicken Biryani,Friday,9,0,0,71,60,11,120,7200
2026-09-11,Fried Rice,Friday,9,0,0,73,64,9,70,4480
2026-09-11,Veg Meals,Friday,9,0,0,79,71,8,90,6390
2026-09-11,Samosa,Friday,9,0,0,119,104,15,20,2080
2026-09-11,Sandwich,Friday,9,0,0,52,43,9,50,2150
2026-09-11,Masala Dosa,Friday,9,0,0,78,72,6,60,4320
2026-09-11,Tea,Friday,9,0,0,165,148,17,15,2220
2026-09-11,Coffee,Friday,9,0,0,125,110,15,20,2200
2026-09-11,Juice,Friday,9,0,0,69,67,2,40,2680
2026-09-12,Veg Biryani,Saturday,9,0,0,60,55,5,80,4400
2026-09-12,Chicken Biryani,Saturday,9,0,0,46,33,13,120,3960
2026-09-12,Fried Rice,Saturday,9,0,0,40,35,5,70,2450
2026-09-12,Veg Meals,Saturday,9,0,0,56,56,0,90,5040
2026-09-12,Samosa,Saturday,9,0,0,75,68,7,20,1360
2026-09-12,Sandwich,Saturday,9,0,0,37,34,3,50,1700
2026-09-12,Masala Dosa,Saturday,9,0,0,42,31,11,60,1860
2026-09-12,Tea,Saturday,9,0,0,93,76,17,15,1140
2026-09-12,Coffee,Saturday,9,0,0,67,51,16,20,1020
2026-09-12,Juice,Saturday,9,0,0,53,53,0,40,2120
2026-09-13,Veg Biryani,Sunday,9,0,0,55,50,5,80,4000
2026-09-13,Chicken Biryani,Sunday,9,0,0,47,47,0,120,5640
2026-09-13,Fried Rice,Sunday,9,0,0,45,41,4,70,2870
2026-09-13,Veg Meals,Sunday,9,0,0,63,51,12,90,4590
2026-09-13,Samosa,Sunday,9,0,0,76,70,6,20,1400
2026-09-13,Sandwich,Sunday,9,0,0,36,28,8,50,1400
2026-09-13,Masala Dosa,Sunday,9,0,0,38,37,1,60,2220
2026-09-13,Tea,Sunday,9,0,0,105,94,11,15,1410
2026-09-13,Coffee,Sunday,9,0,0,63,51,12,20,1020
2026-09-13,Juice,Sunday,9,0,0,51,51,0,40,2040
2026-09-14,Veg Biryani,Monday,9,0,1,110,94,16,80,7520
2026-09-14,Chicken Biryani,Monday,9,0,1,98,85,13,120,10200
2026-09-14,Fried Rice,Monday,9,0,1,83,76,7,70,5320
2026-09-14,Veg Meals,Monday,9,0,1,120,110,10,90,9900
2026-09-14,Samosa,Monday,9,0,1,176,170,6,20,3400
2026-09-14,Sandwich,Monday,9,0,1,78,78,0,50,3900
2026-09-14,Masala Dosa,Monday,9,0,1,87,87,0,60,5220
2026-09-14,Tea,Monday,9,0,1,189,169,20,15,2535
2026-09-14,Coffee,Monday,9,0,1,127,104,23,20,2080
2026-09-14,Juice,Monday,9,0,1,99,86,13,40,3440
2026-09-15,Veg Biryani,Tuesday,9,0,0,84,84,0,80,6720
2026-09-15,Chicken Biryani,Tuesday,9,0,0,75,63,12,120,7560
2026-09-15,Fried Rice,Tuesday,9,0,0,65,59,6,70,4130
2026-09-15,Veg Meals,Tuesday,9,0,0,97,83,14,90,7470
2026-09-15,Samosa,Tuesday,9,0,0,115,102,13,20,2040
2026-09-15,Sandwich,Tuesday,9,0,0,52,52,0,50,2600
2026-09-15,Masala Dosa,Tuesday,9,0,0,61,58,3,60,3480
2026-09-15,Tea,Tuesday,9,0,0,168,156,12,15,2340
2026-09-15,Coffee,Tuesday,9,0,0,114,106,8,20,2120
2026-09-15,Juice,Tuesday,9,0,0,70,62,8,40,2480
2026-09-16,Veg Biryani,Wednesday,9,0,0,96,82,14,80,6560
2026-09-16,Chicken Biryani,Wednesday,9,0,0,83,82,1,120,9840
2026-09-16,Fried Rice,Wednesday,9,0,0,72,67,5,70,4690
2026-09-16,Veg Meals,Wednesday,9,0,0,100,82,18,90,7380
2026-09-16,Samosa,Wednesday,9,0,0,111,90,21,20,1800
2026-09-16,Sandwich,Wednesday,9,0,0,59,57,2,50,2850
2026-09-16,Masala Dosa,Wednesday,9,0,0,70,70,0,60,4200
2026-09-16,Tea,Wednesday,9,0,0,149,146,3,15,2190
2026-09-16,Coffee,Wednesday,9,0,0,101,87,14,20,1740
2026-09-16,Juice,Wednesday,9,0,0,81,72,9,40,2880
2026-09-17,Veg Biryani,Thursday,9,0,0,92,85,7,80,6800
2026-09-17,Chicken Biryani,Thursday,9,0,0,70,65,5,120,7800
2026-09-17,Fried Rice,Thursday,9,0,0,80,73,7,70,5110
2026-09-17,Veg Meals,Thursday,9,0,0,104,89,15,90,8010
2026-09-17,Samosa,Thursday,9,0,0,126,112,14,20,2240
2026-09-17,Sandwich,Thursday,9,0,0,61,57,4,50,2850
2026-09-17,Masala Dosa,Thursday,9,0,0,63,53,10,60,3180
2026-09-17,Tea,Thursday,9,0,0,167,149,18,15,2235
2026-09-17,Coffee,Thursday,9,0,0,95,78,17,20,1560
2026-09-17,Juice,Thursday,9,0,0,74,74,0,40,2960
2026-09-18,Veg Biryani,Friday,9,0,0,113,97,16,80,7760
2026-09-18,Chicken Biryani,Friday,9,0,0,65,63,2,120,7560
2026-09-18,Fried Rice,Friday,9,0,0,64,57,7,70,3990
2026-09-18,Veg Meals,Friday,9,0,0,107,89,18,90,8010
2026-09-18,Samosa,Friday,9,0,0,136,123,13,20,2460
2026-09-18,Sandwich,Friday,9,0,0,57,49,8,50,2450
2026-09-18,Masala Dosa,Friday,9,0,0,66,53,13,60,3180
2026-09-18,Tea,Friday,9,0,0,166,153,13,15,2295
2026-09-18,Coffee,Friday,9,0,0,119,108,11,20,2160
2026-09-18,Juice,Friday,9,0,0,83,83,0,40,3320
2026-09-19,Veg Biryani,Saturday,9,1,0,29,25,4,80,2000
2026-09-19,Chicken Biryani,Saturday,9,1,0,18,18,0,120,2160
2026-09-19,Fried Rice,Saturday,9,1,0,22,16,6,70,1120
2026-09-19,Veg Meals,Saturday,9,1,0,25,22,3,90,1980
2026-09-19,Samosa,Saturday,9,1,0,37,35,2,20,700
2026-09-19,Sandwich,Saturday,9,1,0,15,3,12,50,150
2026-09-19,Masala Dosa,Saturday,9,1,0,17,17,0,60,1020
2026-09-19,Tea,Saturday,9,1,0,44,34,10,15,510
2026-09-19,Coffee,Saturday,9,1,0,27,27,0,20,540
2026-09-19,Juice,Saturday,9,1,0,19,13,6,40,520
2026-09-20,Veg Biryani,Sunday,9,0,0,68,51,17,80,4080
2026-09-20,Chicken Biryani,Sunday,9,0,0,41,26,15,120,3120
2026-09-20,Fried Rice,Sunday,9,0,0,46,46,0,70,3220
2026-09-20,Veg Meals,Sunday,9,0,0,61,55,6,90,4950
2026-09-20,Samosa,Sunday,9,0,0,72,70,2,20,1400
2026-09-20,Sandwich,Sunday,9,0,0,32,32,0,50,1600
2026-09-20,Masala Dosa,Sunday,9,0,0,38,31,7,60,1860
2026-09-20,Tea,Sunday,9,0,0,100,91,9,15,1365
2026-09-20,Coffee,Sunday,9,0,0,58,58,0,20,1160
2026-09-20,Juice,Sunday,9,0,0,41,40,1,40,1600
2026-09-21,Veg Biryani,Monday,9,0,0,104,86,18,80,6880
2026-09-21,Chicken Biryani,Monday,9,0,0,78,65,13,120,7800
2026-09-21,Fried Rice,Monday,9,0,0,63,62,1,70,4340
2026-09-21,Veg Meals,Monday,9,0,0,102,100,2,90,9000
2026-09-21,Samosa,Monday,9,0,0,109,105,4,20,2100
2026-09-21,Sandwich,Monday,9,0,0,70,65,5,50,3250
2026-09-21,Masala Dosa,Monday,9,0,0,58,56,2,60,3360
2026-09-21,Tea,Monday,9,0,0,164,151,13,15,2265
2026-09-21,Coffee,Monday,9,0,0,120,104,16,20,2080
2026-09-21,Juice,Monday,9,0,0,85,82,3,40,3280
2026-09-22,Veg Biryani,Tuesday,9,0,0,108,96,12,80,7680
2026-09-22,Chicken Biryani,Tuesday,9,0,0,79,76,3,120,9120
2026-09-22,Fried Rice,Tuesday,9,0,0,66,62,4,70,4340
2026-09-22,Veg Meals,Tuesday,9,0,0,97,82,15,90,7380
2026-09-22,Samosa,Tuesday,9,0,0,110,95,15,20,1900
2026-09-22,Sandwich,Tuesday,9,0,0,64,56,8,50,2800
2026-09-22,Masala Dosa,Tuesday,9,0,0,70,54,16,60,3240
2026-09-22,Tea,Tuesday,9,0,0,173,154,19,15,2310
2026-09-22,Coffee,Tuesday,9,0,0,102,86,16,20,1720
2026-09-22,Juice,Tuesday,9,0,0,91,86,5,40,3440
2026-09-23,Veg Biryani,Wednesday,9,0,0,107,104,3,80,8320
2026-09-23,Chicken Biryani,Wednesday,9,0,0,72,64,8,120,7680
2026-09-23,Fried Rice,Wednesday,9,0,0,73,58,15,70,4060
2026-09-23,Veg Meals,Wednesday,9,0,0,83,82,1,90,7380
2026-09-23,Samosa,Wednesday,9,0,0,103,96,7,20,1920
2026-09-23,Sandwich,Wednesday,9,0,0,64,55,9,50,2750
2026-09-23,Masala Dosa,Wednesday,9,0,0,59,51,8,60,3060
2026-09-23,Tea,Wednesday,9,0,0,162,152,10,15,2280
2026-09-23,Coffee,Wednesday,9,0,0,118,98,20,20,1960
2026-09-23,Juice,Wednesday,9,0,0,71,68,3,40,2720
2026-09-24,Veg Biryani,Thursday,9,0,1,145,133,12,80,10640
2026-09-24,Chicken Biryani,Thursday,9,0,1,110,91,19,120,10920
2026-09-24,Fried Rice,Thursday,9,0,1,108,101,7,70,7070
2026-09-24,Veg Meals,Thursday,9,0,1,110,94,16,90,8460
2026-09-24,Samosa,Thursday,9,0,1,175,155,20,20,3100
2026-09-24,Sandwich,Thursday,9,0,1,76,76,0,50,3800
2026-09-24,Masala Dosa,Thursday,9,0,1,96,86,10,60,5160
2026-09-24,Tea,Thursday,9,0,1,178,171,7,15,2565
2026-09-24,Coffee,Thursday,9,0,1,138,128,10,20,2560
2026-09-24,Juice,Thursday,9,0,1,101,95,6,40,3800
2026-09-25,Veg Biryani,Friday,9,0,0,84,72,12,80,5760
2026-09-25,Chicken Biryani,Friday,9,0,0,82,79,3,120,9480
2026-09-25,Fried Rice,Friday,9,0,0,74,63,11,70,4410
2026-09-25,Veg Meals,Friday,9,0,0,83,74,9,90,6660
2026-09-25,Samosa,Friday,9,0,0,116,107,9,20,2140
2026-09-25,Sandwich,Friday,9,0,0,72,57,15,50,2850
2026-09-25,Masala Dosa,Friday,9,0,0,68,57,11,60,3420
2026-09-25,Tea,Friday,9,0,0,148,129,19,15,1935
2026-09-25,Coffee,Friday,9,0,0,102,90,12,20,1800
2026-09-25,Juice,Friday,9,0,0,78,77,1,40,3080
2026-09-26,Veg Biryani,Saturday,9,0,0,64,60,4,80,4800
2026-09-26,Chicken Biryani,Saturday,9,0,0,52,42,10,120,5040
2026-09-26,Fried Rice,Saturday,9,0,0,47,47,0,70,3290
2026-09-26,Veg Meals,Saturday,9,0,0,50,50,0,90,4500
2026-09-26,Samosa,Saturday,9,0,0,73,71,2,20,1420
2026-09-26,Sandwich,Saturday,9,0,0,42,27,15,50,1350
2026-09-26,Masala Dosa,Saturday,9,0,0,43,42,1,60,2520
2026-09-26,Tea,Saturday,9,0,0,102,100,2,15,1500
2026-09-26,Coffee,Saturday,9,0,0,69,56,13,20,1120
2026-09-26,Juice,Saturday,9,0,0,42,38,4,40,1520
2026-09-27,Veg Biryani,Sunday,9,0,0,70,63,7,80,5040
2026-09-27,Chicken Biryani,Sunday,9,0,0,44,36,8,120,4320
2026-09-27,Fried Rice,Sunday,9,0,0,40,40,0,70,2800
2026-09-27,Veg Meals,Sunday,9,0,0,48,43,5,90,3870
2026-09-27,Samosa,Sunday,9,0,0,63,62,1,20,1240
2026-09-27,Sandwich,Sunday,9,0,0,31,14,17,50,700
2026-09-27,Masala Dosa,Sunday,9,0,0,42,34,8,60,2040
2026-09-27,Tea,Sunday,9,0,0,102,96,6,15,1440
2026-09-27,Coffee,Sunday,9,0,0,59,59,0,20,1180
2026-09-27,Juice,Sunday,9,0,0,47,46,1,40,1840
